doi,year,author,title,citationCount,layer,rationale,bva_organism,bva_phenomena,convergence_axis,same_species_check,modern_focus,parallel_dois,parallel_n_same_organism,top_parallel_year,rediscovery_flag
10.1007/bf00580386,1930,Abolins (Riga),Die Regeneration der am Fibularrande verstümmelten Beine bei Triton cristatus Laur,3,Layer 1,"Modern citation engages same genus (triton): ""Die Regeneration der am Tibialrande oder median verst�mmelten Beine bei Triton c""",Triton cristatus,"regeneration, morphology",C2 – Same genus active (modern name),"Yes — same genus, under its modern name",Investigation of axonal regeneration of Triturus ivanbureschi by using physiological and proteomic strategies,10.1007/s12038-019-9950-y; 10.1159/000224584; 10.1098/rspb.2003.2439,4,2019,
10.1007/bf00580387,1930,Burchhardt,Regeneration und Symmetrie durch den Urodelenk�rper esteckter Gliedmassen,2,Layer 1,"Modern citation engages same genus (triton): ""Die Regeneration der am Tibialrande oder median verst�mmelten Beine bei Triton c""",Triton,regeneration,C2 – Same genus active (modern name),"Yes — same genus, under its modern name",Investigation of axonal regeneration of Triturus ivanbureschi by using physiological and proteomic strategies,10.1007/s12038-019-9950-y; 10.1159/000224584; 10.1002/jez.b.21119,6,2019,
10.1007/bf00580388,1930,Flat-Hauser Przibram,Regeneration der langen Knochen nach teilweiser Entfernung im Innern der Molchextremit�ten (Triton cristatus Laur.),5,Layer 1,"Modern citation engages same genus (triton): ""Die Regeneration der am Fibularrande verstümmelten Beine bei Triton cristatus La""",Triton cristatus,"regeneration, growth",C2 – Same genus active,Yes — same genus still studied today,Morphological Variation in Pachytriton labiatus and a Re-Assessment of the Taxonomic Status of P. granulosus (Amphibia: Urodela: Salamandridae),10.3105/018.028.0202; 10.1007/s12038-019-9950-y; 10.1159/000224584,5,2009,
10.1007/bf00580389,1930,Przibram,"Wachstumsmessungen an Tenodera aridifolia Stoll., einer japanischen Fangheuschrecke",7,Layer 4,"Modern engagement exists but does not align on species, taxon, or phenomenon; abstract logic only.",Tenodera aridifolia,growth,C3 – Related taxon active,"Partial — related taxon, different genus",Postembryonic development of the predatory strike mechanics in a praying mantis (Insecta: Mantodea),10.1111/phen.70032; 10.3897/jor.34.134957; 10.1093/beheco/arae071,0,2026,
10.1007/bf00580390,1930,Przibram Brecher,Wachstumsmessungen an Sphodromantis bioculata Burm. IV. Zunahme der Facettengr�sse und -Anzahl.,5,Layer 2,"Same broader taxon (Orthoptera / Mantis); different species. Citing: ""Orientation Behavior with and Without Visual Cues in Newly Hatched and Adult Pra""",Sphodromantis bioculata,growth,C2 – Same genus active,Yes — same genus still studied today,"Alien mantids in a tropical paradise: First record of the giant mantis Sphodromantis viridis (Insecta, Mantodea) for the Canary Islands (Spain)",10.3897/jor.32.96183; 10.14411/eje.2012.039; 10.1603/0046-225x-32.4.881,1,2023,
10.1007/bf00580391,1930,"Sciacchitano, Weiss, Przibram",Die Regeneration der am Tibialrande oder median verst�mmelten Beine bei Triton cristatus Laur. und eine Heteromorphose des langen Knochens nach Ausschneidung des Fibularrandes,1,Layer 3,"Same phenomenon (Regeneration); different species and design. Citing: ""Regeneration of Vertebrate Appendages""",Triton cristatus,"regeneration, growth",C2 – Same genus active,Yes — same genus still studied today,Morphological Variation in Pachytriton labiatus and a Re-Assessment of the Taxonomic Status of P. granulosus (Amphibia: Urodela: Salamandridae),10.3105/018.028.0202; 10.1007/s12038-019-9950-y; 10.1159/000224584,5,2009,YES
10.1007/bf00580392,1930,Staudinger,Heteromorphosen an Stigmen und anderen Gebilden bei Carausius (Dixippus) morosus Brunner,1,Layer 2,"Same broader taxon (Orthoptera / Mantis); different species. Citing: ""Modalit�s de formation et de d�veloppement d'un centre morphog�n�tique surnum�ra""",Carausius,"regeneration, heteromorphosis",C2 – Same genus active,Yes — same genus still studied today,Degenerative and regenerative processes involved in midgut pseudotumor formation in the stick insect ( Carausius morosus ),10.1002/jmor.10770; 10.1002/jmor.10685; 10.3389/fphys.2013.00048,2,2009,
10.1007/bf00580393,1930,Weiss,Potenzpr�fung am Regenerationsblastem.,13,Layer 2,"Same broader taxon (Reptilia); different species. Citing: ""Reactive nitrogen species-mediated cell proliferation during tail regeneration a""",Lacerta,"regeneration, transplantation",C2 – Same genus active,Yes — same genus still studied today,"CASES OF INCOMPLETE AUTOTOMY AND TAIL REGENERATION ABNORMALITY OF THE STEPPE-RUNNER (EREMIAS ARGUTA (PALLAS, 1773)) AND SAND LIZARD (LACERTA AGILIS LINNAEUS, 17",10.18500/1814-6090-2017-17-1-2-3-9; 10.1007/s10211-013-0148-2; 10.1139/z07-102,4,2017,
10.1007/bf02079022,1926,Weiss,Ganzregenerate aus Halbem Extremitätenquerschnitt,34,Layer 4,"Modern engagement exists but does not align on species, taxon, or phenomenon; abstract logic only.",Triton,,C2 – Same genus active (modern name),"Yes — same genus, under its modern name",Needle in a haystack? A comparison of eDNA metabarcoding and targeted qPCR for detection of the great crested newt ( Triturus cristatus,10.1002/ece3.4013; 10.1016/j.biocon.2014.11.029; 10.1186/1742-9994-10-13,5,2018,YES
10.1007/bf02079102,1927,Weiss,Die Herkunft der Haut im Extremitätenregenerat,16,Layer 3,"Same phenomenon (Regeneration); different species and design. Citing: ""Über die Rolle des Epithels in den anfänglichen Entwicklungsstadien einer Regene""",Birds,"regeneration, transplantation",C3 – Related taxon active,"Partial — related taxon, different genus",Myelin sheath structure and regeneration in peripheral nerve injury repair,10.1073/pnas.1910292116; 10.1095/biolreprod.106.058032; 10.1038/s41467-017-02613-x,0,2019,
10.1007/bf02080952,1927,Weiss,Potenzprüfung am Regenerationsblastem,30,Layer 3,"Same phenomenon (Regeneration); different species and design. Citing: ""Inducing Vertebrate Limb Regeneration: A Review of Past Advances and Future Outl""",,"regeneration, transplantation",C4 – Phenomenon only,"No — same phenomenon, unrelated organism",Allogeneic transplantation of iPS cell-derived cardiomyocytes regenerates primate hearts,10.1038/nature19815; 10.1038/nbt.2958; 10.1038/nature13233,0,2016,
10.1007/bf02093760,1922,de Hahn,Die Körpertemperatur junger Wanderratten (Mus decumanus) und ihre Beeinflussung durch die Temperatur der Außenwelt,12,Layer 2,"Same broader taxon (Mammals); different species. Citing: ""The Post‐natal Development of the Genital Organs in the Albino Rat""",Mus decumanus,"thermal_modification, growth",C2 – Same genus active,Yes — same genus still studied today,"Titrating the preferences of altered lighting against temperature in female CD-1 laboratory mice, Mus musculus",10.1016/j.applanim.2021.105541; 10.1016/j.jtherbio.2018.07.010; 10.1038/ncomms14811,5,2021,
10.1007/bf02093761,1922,Bierens de Haan; Przibram,Erniedrigung der Körpertemperatur junger Wanderratten (Mus decumanus) durch chemische Mittel und ihr Einfluß auf die Schwanzlänge,4,Layer 2,"Same broader taxon (Mammals); different species. Citing: ""Note on the Temperature of the Sloth""",Mus decumanus,thermal_modification,C2 – Same genus active,Yes — same genus still studied today,"Titrating the preferences of altered lighting against temperature in female CD-1 laboratory mice, Mus musculus",10.1016/j.applanim.2021.105541; 10.1016/j.jtherbio.2018.07.010; 10.1016/j.jinsphys.2014.09.011,4,2021,
10.1007/bf02093762,1922,Brecher,"Die Puppenfärbungen des Kohlweißlings, Pieris brassicae L",7,Layer 1,"Modern citation engages same genus (pieris): ""Die Puppenfärbungen des Kohlweißlings, Pieris brassicae L""",Pieris brassicae,light_effects,C1 – Same species active,Yes — modern work on the same species,Oviposition Preference for Young Plants by the Large Cabbage Butterfly (Pieris brassicae ) Does not Strongly Correlate with Caterpillar Performance,10.1007/s10886-017-0853-9; 10.1093/jxb/eru096; 10.1093/jxb/ers362,6,2017,
10.1007/bf02093763,1922,Kammerer,Die Zeichnung von Salamandra maculosa im durchfallenden farbigen Licht,2,Layer 4,"Modern engagement exists but does not align on species, taxon, or phenomenon; abstract logic only.",Salamandra maculosa,light_effects,C2 – Same genus active,Yes — same genus still studied today,Phylogenomic inference of species and subspecies diversity in the Palearctic salamander genus Salamandra,10.1016/j.ympev.2020.107063; 10.1002/jmor.20643; 10.1007/s10682-014-9720-0,6,2020,YES
10.1007/bf02093764,1922,Przibram/Dembowski,Der Einfluß gelber und schwarzer Umgebung der Larve auf die Fleckenzeichnung des Vollmolches von Salamandra maculosa Laur. forma typica,5,Layer 4,"Modern engagement exists but does not align on species, taxon, or phenomenon; abstract logic only.",Salamandra maculosa,,C2 – Same genus active,Yes — same genus still studied today,Salamandra Robotica II: An Amphibious Robot to Study Salamander-Like Swimming and Walking Gaits,10.1109/tro.2012.2234311; 10.1159/000124407; 10.1111/j.1525-142x.2006.00141.x,6,2013,YES
10.1007/bf02093765,1922,Przibram / Brecher,Die Farbmodifikationen der Stabheuschrecke Dixippus morosus Br. et Redt,9,Layer 1,"Modern citation engages same genus (dixippus): ""Untersuchungen über den morphologischen und physiologischen Farbwechsel von Dixi""",Dixippus morosus,,C2 – Same genus active (modern name),"Yes — same genus, under its modern name","Transcriptomic and Neuropeptidomic Analysis of the Stick Insect, Carausius morosus",10.1021/acs.jproteome.8b00155; 10.1007/s00359-011-0647-4; 10.1111/j.1742-4658.2008.06277.x,6,2018,
10.1007/bf02093767,1922,Kurz,Versuche über Polaritätsumkehr am Tritonenbein,11,Layer 4,"Modern engagement exists but does not align on species, taxon, or phenomenon; abstract logic only.",Triton,,C2 – Same genus active (modern name),"Yes — same genus, under its modern name",Needle in a haystack? A comparison of eDNA metabarcoding and targeted qPCR for detection of the great crested newt ( Triturus cristatus,10.1002/ece3.4013; 10.1016/j.biocon.2014.11.029; 10.1186/1742-9994-10-13,5,2018,YES
10.1007/bf02093768,1922,Thomson,Notes on the regeneration of the fore-limb in various Genera of Mantidae,2,Layer 3,"Same phenomenon (Regeneration); different species and design. Citing: ""Regeneration und Transplantation bei Tieren""",Orthoptera / Mantis,regeneration,C3 – Related taxon active,"Partial — related taxon, different genus",Morphology and fine organization of the midgut of Gampsocleis gratiosa (Orthoptera: Tettigoniidae),10.1371/journal.pone.0200405; 10.1093/ee/nvw119; 10.1007/s00359-010-0598-1,0,2018,
10.1007/bf02093769,1922,Przibram,Verpuppung kopfloser Raupen von Tagfaltern,7,Layer 2,"Same broader taxon (Lepidoptera); different species. Citing: ""Die Puppenfärbungen des Kohlweißlings, Pieris brassicae L""",Lepidoptera,,C3 – Related taxon active,"Partial — related taxon, different genus",Host Plants of Spodoptera frugiperda (Lepidoptera: Noctuidae) in the Americas,10.4001/003.026.0286; 10.1371/journal.pone.0165632; 10.1038/nature05884,0,2018,
10.1007/bf02093770,1922,Brecher,"Die Puppenfärbungen der Vanessiden (Vanessa Io, V. urticae, Pyrameis cardui, P. atalanta)",14,Layer 1,"Modern citation engages same genus (vanessa): ""Hormonal control of pupal coloration in the painted lady butterfly Vanessa cardu""",Pyrameis cardui,light_effects,C2 – Same genus active (modern name),"Yes — same genus, under its modern name",Trans-Saharan migratory patterns in Vanessa cardui and evidence for a southward leapfrog migration,10.1016/j.isci.2024.111342; 10.1111/bij.12873; 10.1016/j.jtherbio.2007.11.004,6,2024,
10.1007/bf02093771,1922,Kudo,"Veränderung der Melaninmenge beim Farbwechsel der Fische Esox, Carassius, Phoxinus; Gobius; Nemachilus",9,Layer 2,"Same broader taxon (Fishes); different species. Citing: ""On the Reappearance of Melanophores in Blind Goldfish""",Esox,"color_change, pigmentation",C2 – Same genus active,Yes — same genus still studied today,Pike Mercury Concentration in Small Boreal Headwater Lakes During Four Decades of Regional and Local Changes,10.1007/s11270-024-06894-z; 10.60910/vs0v-m1yt; 10.1016/j.cbpa.2020.110688,6,2024,
10.1007/bf02093772,1922,Przibram,Veröffentlichungen über quantitative Biologie 1916–1919 in englischer Sprache,2,Layer 4,"Modern engagement exists but does not align on species, taxon, or phenomenon; abstract logic only.",,,C5 – No modern parallel,No modern parallel found,,,0,,
10.1007/bf02108503,1923,Przibram,Die Methode autophorer Transplantation,7,Layer 3,"Same phenomenon (Regeneration); different species and design. Citing: ""Regeneration in The Vertebrate Central Nervous System""",,"regeneration, transplantation",C4 – Phenomenon only,"No — same phenomenon, unrelated organism",Allogeneic transplantation of iPS cell-derived cardiomyocytes regenerates primate hearts,10.1038/nature19815; 10.1038/nbt.2958; 10.1038/nature13233,0,2016,
10.1007/bf02108504,1923,Koppanyi,Die Replantation von Augen,13,Layer 2,"Same broader taxon (Amphibia); different species. Citing: ""The origin and development of the chromatophores of the amphibian eye""",Amphibia,"regeneration, transplantation",C3 – Related taxon active,"Partial — related taxon, different genus",The specialist in regeneration—the Axolotl—a suitable model to study bone healing?,10.1038/s41536-022-00229-4; 10.1186/1471-213x-10-15; 10.1371/journal.pbio.1000174,0,2022,
10.1007/bf02108505,1923,Koppanyi,Die Replantation von Augen,3,Layer 3,"Same phenomenon (Regeneration); different species and design. Citing: ""Transplantation and Regeneration: their Bearing on Developmental Mechanics""",Fishes,"regeneration, transplantation",C4 – Phenomenon only,"No — same phenomenon, unrelated organism",Cholangiocyte organoids can repair bile ducts after transplantation in the human liver,10.1126/science.aaz6964; 10.1002/adfm.201909045; 10.1111/acel.12931,0,2021,
10.1007/bf02108506,1923,Koppanyi,Die Replantation von Augen,7,Layer 3,"Same phenomenon (Regeneration); different species and design. Citing: ""Regeneration in The Vertebrate Central Nervous System""",Annelida,"regeneration, transplantation",C3 – Related taxon active,"Partial — related taxon, different genus",Investigating the developmental onset of regenerative potential in the annelid Capitella teleta,10.1111/ivb.12411; 10.5281/zenodo.8289609; 10.1186/s40851-023-00203-y,0,2023,
10.1007/bf02108507,1923,Koppanyi,Die Replantation von Augen,7,Layer 3,"Same phenomenon (Regeneration); different species and design. Citing: ""Regeneration in The Vertebrate Central Nervous System""",,"regeneration, transplantation",C4 – Phenomenon only,"No — same phenomenon, unrelated organism",Allogeneic transplantation of iPS cell-derived cardiomyocytes regenerates primate hearts,10.1038/nature19815; 10.1038/nbt.2958; 10.1038/nature13233,0,2016,
10.1007/bf02108508,1923,Koppanyi,Die Replantation von Augen,4,Layer 4,"Modern engagement exists but does not align on species, taxon, or phenomenon; abstract logic only.",Amphibia,"regeneration, transplantation",C3 – Related taxon active,"Partial — related taxon, different genus",The specialist in regeneration—the Axolotl—a suitable model to study bone healing?,10.1038/s41536-022-00229-4; 10.1186/1471-213x-10-15; 10.1371/journal.pbio.1000174,0,2022,
10.1007/bf02108509,1923,Jellinek,Die Replantation von Augen,4,Layer 2,"Same broader taxon (Mammals); different species. Citing: ""Notes on the application of experimental methods upon mammalian embryos""",Mammals,"regeneration, transplantation",C3 – Related taxon active,"Partial — related taxon, different genus",Regeneration of the entire human epidermis using transgenic stem cells,10.1038/nature24487; 10.1101/gad.290635.116; 10.1016/j.devcel.2012.11.017,0,2017,
10.1007/bf02108510,1923,Finkler,Kopftransplantation an Insekten,2,Layer 3,"Same phenomenon (Regeneration); different species and design. Citing: ""Regeneration und Transplantation bei Tieren""",Lepidoptera,"regeneration, transplantation",C3 – Related taxon active,"Partial — related taxon, different genus",The effect of infection with the entomopathogenic fungus Conidiobolus coronatus (Entomopthorales) on eighteen cytokine-like proteins in Galleria mellonella (Lep,10.3389/fimmu.2024.1385863; 10.1002/term.2227; 10.1186/1471-213x-6-52,0,2024,
10.1007/bf02108511,1923,Finkler,Kopftransplantation an Insekten,1,Layer 3,"Same phenomenon (Transplantation / replantation); different species and design. Citing: ""Regeneration und Transplantation bei Tieren""",Coleoptera (beetles),transplantation,C3 – Related taxon active,"Partial — related taxon, different genus",Effectiveness of mulches in preventing Popillia japonica (Coleoptera: Scarabaeidae) oviposition in nursery potted plants,10.1093/jee/toaf106; 10.1007/s12600-021-00948-2; 10.1603/0046-225x(2008)37[242:ivirte]2.0.co;2,0,2025,
10.1007/bf02108512,1923,Finkler,Kopftransplantation an Insekten,3,Layer 3,"Same phenomenon (Transplantation / replantation); different species and design. Citing: ""Embryonale Transplantation zwischen Urodelen und Anuren""",,transplantation,C4 – Phenomenon only,"No — same phenomenon, unrelated organism",Long-term kidney transplant graft survival—Making progress when most needed,10.1111/ajt.16463; 10.1038/nm.2170; 10.2215/cjn.04681107,0,2020,
10.1007/bf02108513,1923,Wiesner,Die Replantation der Kristallinse entwickelter Tiere,5,Layer 3,"Same phenomenon (Transplantation / replantation); different species and design. Citing: ""Mutual size regulation between eyeball and lens in Amblystoma, studied by means """,Fishes,"regeneration, transplantation",C4 – Phenomenon only,"No — same phenomenon, unrelated organism",Cholangiocyte organoids can repair bile ducts after transplantation in the human liver,10.1126/science.aaz6964; 10.1002/adfm.201909045; 10.1111/acel.12931,0,2021,
10.1007/bf02108514,1923,B. P. Wiesner,Die Funktionsfähigkeit autophor transplantierter Ovarien bei Ratten,4,Layer 2,"Same broader taxon (Mammals); different species. Citing: ""Studies on the oestrus‐producing hormone (oestrin)<sup>1</sup>""",Rattus rat,"transplantation, sex_determination",C2 – Same genus active,Yes — same genus still studied today,Effectiveness of mesenchymal stem cells cultured under hypoxia to increase the fertility rate in rats (Rattus norvegicus),10.14202/vetworld.2021.3056-3064; 10.2147/ccide.s245678; 10.5958/0974-360x.2019.00261.0,5,2021,
10.1007/bf02108515,1923,Weiss,Die Transplantation von entwickelten Extremitäten bei Amphibien,21,Layer 2,"Same broader taxon (Amphibia); different species. Citing: ""Further experimental investigations on the phenomenon of homologous response in """,Amphibia,transplantation,C3 – Related taxon active,"Partial — related taxon, different genus",Generation of Functional Eyes from Pluripotent Cells,10.1371/journal.pbio.1000174; 10.1371/journal.pbio.0020092; 10.1073/pnas.082112099,0,2009,
10.1007/bf02108516,1923,Weiss,Die Transplantation von entwickelten Extremitäten bei Amphibien,12,Layer 2,"Same broader taxon (Amphibia); different species. Citing: ""Über den Einfluss des Nervensystems auf die Entwicklung der Extremitäten von Ran""",Amphibia,"regeneration, transplantation",C3 – Related taxon active,"Partial — related taxon, different genus",The specialist in regeneration—the Axolotl—a suitable model to study bone healing?,10.1038/s41536-022-00229-4; 10.1186/1471-213x-10-15; 10.1371/journal.pbio.1000174,0,2022,
10.1007/bf02161597,1916,Steinach,Pubertätsdrüsen und Zwitterbildung,65,Layer 3,"Same phenomenon (Sex determination / sexual characters); different species and design. Citing: ""Gonad hormone functions, and the reciprocal influence between gonads and hypophy""",,"transplantation, sex_determination",C4 – Phenomenon only,"No — same phenomenon, unrelated organism",Sex Categories,10.1007/s10508-025-03387-w; 10.1177/09526951231213028; 10.1038/s41467-022-31486-y,0,2025,
10.1007/bf02162072,1909,Kammerer,Vererbung erzwungener Fortpflanzungsanpassungen,23,Layer 3,"Same phenomenon (Inheritance of acquired characteristics); different species and design. Citing: ""&amp;#8220;Centric&amp;#8221; and &amp;#8220;Excluding&amp;#8221; Conceptions of""",Alytes,inheritance_of_acquired,C4 – Phenomenon only,"No — same phenomenon, unrelated organism",Evolution beyond allele frequency changes and the case study of amphibians,10.1098/rsif.2025.0471; 10.4236/ahs.2024.132007; 10.3389/fevo.2022.819542,0,2025,
10.1007/bf02162073,1909,Mayerhofer,Farbwechselversuche am Hechte (Esox lucius L.),15,Layer 1,"Modern citation engages same genus (esox): ""Veränderung der Melaninmenge beim Farbwechsel der Fische Esox, Carassius, Phoxin""",Esox lucius,color_change,C1 – Same species active,Yes — modern work on the same species,Pike Mercury Concentration in Small Boreal Headwater Lakes During Four Decades of Regional and Local Changes,10.1007/s11270-024-06894-z; 10.1111/1365-2656.14130; 10.1080/14634988.2018.1505355,1,2024,
10.1007/bf02162074,1909,Thomsen,"Aufzucht, Farbwechsel und Regeneration der Gottesanbeterinnen (Mantidae)",21,Layer 2,"Same broader taxon (Orthoptera / Mantis); different species. Citing: ""Wachstumsmessungen an Sphodromantis bioculata Burm""",Sphodromantis mantis,"regeneration, color_change",C2 – Same genus active,Yes — same genus still studied today,"Notes on the lifecycle and distribution of Sphodromantis gastrica (Stål, 1858) (Mantodea: Mantidae) in South Africa",10.17159/2254-8854/2022/a13967; 10.36948/ijfmr.2025.v07i04.53343; 10.1371/journal.pone.0098324,1,2022,
10.1007/bf02162075,1909,Secerov,Farbenwechselversuche an der Bartgrundel (Nemachilus barbatula L.),20,Layer 2,"Same broader taxon (Fishes); different species. Citing: ""Review of the Organismal Biology of Hill Stream Loaches""",Fishes,color_change,C3 – Related taxon active,"Partial — related taxon, different genus",Fish pigmentation and coloration: Molecular mechanisms and aquaculture perspectives,10.1111/raq.12583; 10.1242/bio.20149993; 10.1186/1742-9994-11-1,0,2021,
10.1007/bf02162076,1909,Werber/Goldschmidt,Regeneration des Schnabels bei der Hausgans (Anser cinereus) und bei der Hausente (Anas boschas),6,Layer 3,"Same phenomenon (Regeneration); different species and design. Citing: ""Ein Beitrag zur Physiologie der Regeneration""",Anas boschas,regeneration,C1 – Same species active,Yes — modern work on the same species,"Comparative study of the oviduct of pre-laying and laying Egyptian balady ducks (Anas boschas domesticus) using morphometry, immunohistochemistry, scanning, and",10.1186/s12917-025-04991-7; 10.1089/ten.tea.2013.0729; 10.1038/s41598-024-77650-w,2,2025,YES
10.1007/bf02162077,1904,Kammerer,Beitrag zur Erkenntnis der Verwandtschaftsverhältnisse von Salamandra atra und maculosa,41,Layer 2,"Same broader taxon (Amphibia); different species. Citing: ""The oviparous olm: Analysis &amp; refutation of claims for viviparity in the cav""",Salamandra atra,,C2 – Same genus active,Yes — same genus still studied today,Salamandra Robotica II: An Amphibious Robot to Study Salamander-Like Swimming and Walking Gaits,10.1109/tro.2012.2234311; 10.1159/000124407; 10.1111/j.1525-142x.2006.00141.x,6,2013,
10.1007/bf02162145,1905,Biberhofer,Über Regeneration des dritten Maxillipedes beim Flußkrebs (Astacus fluviatilis),2,Layer 4,"Modern engagement exists but does not align on species, taxon, or phenomenon; abstract logic only.",Astacus fluviatilis,regeneration,C2 – Same genus active,Yes — same genus still studied today,Structural and evolutionary insights into astacin metallopeptidases,10.3389/fmolb.2022.1080836; 10.1051/kmae/2011048; 10.3391/mbi.2025.16.2.08,2,2023,YES
10.1007/bf02162146,1905,Cerny,Versuche Über Regeneration bei Süßwasserschnecken,3,Layer 2,"Same broader taxon (Mollusca); different species. Citing: ""Zur Regeneration des Weichkörpers bei den Gastropoden""",snail gastropod,regeneration,C2 – Same genus active,Yes — same genus still studied today,A natural biological adhesive from snail mucus for wound repair,10.1038/s41467-023-35907-4; 10.1088/1748-605x/ac2352; 10.1515/jcim-2017-0168,6,2023,
10.1007/bf02162147,1905,Czwiklitzer,Zur Regeneration des Vorderendes von Ophryotrocha puerilis Clap.-Metsch,5,Layer 2,"Same broader taxon (Annelida); different species. Citing: ""Direct demonstration of the existence of a metabolic gradient in annelids""",Ophryotrocha puerilis,regeneration,C2 – Same genus active,Yes — same genus still studied today,"Identification and expression analysis of Oxfibrillin gene involved in the regeneration process of Ophryotrocha xiamen (Annelida, Dorcilleidae)",10.1016/j.dci.2023.105102; 10.1038/s41598-022-04870-3; 10.1186/1742-9994-5-1,3,2023,
10.1007/bf02162148,1905,Kammerer,"Über die Abhängigkeit des Regenerationsvermögens der Amphibienlarven von Alter, Entwicklungsstadium und spezifischer Größe",25,Layer 2,"Same broader taxon (Amphibia); different species. Citing: ""Advances in Environmental Monitoring and Ecosystem Health: Suggestions for the P""",Amphibia,regeneration,C3 – Related taxon active,"Partial — related taxon, different genus",Reading and editing the Pleurodeles waltl genome reveals novel features of tetrapod regeneration,10.1038/s41467-017-01964-9; 10.1242/jeb.045914; 10.1242/dev.02812,0,2017,
10.1007/bf02162149,1905,Przibram,Die »Heterochelie« bei decapoden Crustaceen (zugleich: Experimentelle Studien Über Regeneration. Dritte Mitteilung),23,Layer 2,"Same broader taxon (Crustacea); different species. Citing: ""Morphological characterization and molecular phylogeny of Portunoidea Rafinesque""",Crustacea,regeneration,C3 – Related taxon active,"Partial — related taxon, different genus",Control of molting in crustacea,10.1201/9781315140681-2; 10.1371/journal.pone.0126900; 10.3897/asp.67.e31696,0,2017,
10.1007/bf02162150,1905,Isaak Werber,Regeneration der Kiefer bei der Eidechse Lacerta agilis,10,Layer 2,"Same broader taxon (Reptilia); different species. Citing: ""Regeneration in Reptiles Generally and the New Zealand Tuatara in Particular as """,Lacerta agilis,regeneration,C1 – Same species active,Yes — modern work on the same species,Factors influencing the level of infestation of Ixodes ricinus (Acari: Ixodidae) on Lacerta agilis and Zootoca vivipara (Squamata: Lacertidae),10.24349/acarologia/20204372; 10.1007/s00427-019-00635-7; 10.18500/1814-6090-2017-17-1-2-3-9,6,2020,
10.1007/bf02162151,1905,Werber,Regeneration des exstirpierten Fühlers und Auges beim Mehlkäfer (Tenebrio molitor),8,Layer 1,"Modern citation engages same genus (tenebrio): ""Regeneration der exstirpierten Flügel beim Mehlkäfer (Tenebrio molitor)""",Tenebrio molitor,regeneration,C1 – Same species active,Yes — modern work on the same species,Anatomical changes of Tenebrio molitor and Tribolium castaneum during complete metamorphosis,10.1007/s00441-024-03877-8; 10.1016/j.jclepro.2024.142608; 10.3390/ijms24032296,6,2024,
10.1007/bf02162320,1906,Werber,Regeneration der Kiefer bei Reptilien und Amphibien,5,Layer 2,"Same broader taxon (Amphibia); different species. Citing: ""Regeneration of lower jaws in adult newts""",Amphibia,regeneration,C3 – Related taxon active,"Partial — related taxon, different genus",Reading and editing the Pleurodeles waltl genome reveals novel features of tetrapod regeneration,10.1038/s41467-017-01964-9; 10.1242/jeb.045914; 10.1242/dev.02812,0,2017,
10.1007/bf02162321,1906,Biberhofer,Über Regeneration bei Amphioxus Ianceolatus,3,Layer 3,"Same phenomenon (Regeneration); different species and design. Citing: ""Tail regeneration in a cephalochordate, the Bahamas lancelet, <scp> <i>Asymmetro""",Amphioxus,regeneration,C2 – Same genus active,Yes — same genus still studied today,Photobiomodulation Therapy through a Novel Flat-Top Hand-Piece Prototype Improves Tissue Regeneration in Amphioxus (Branchiostoma lanceolatum): Proposal of an E,10.3390/photonics9070503; 10.1242/dev.166017; 10.4161/cib.21075,4,2022,YES
10.1007/bf02162322,1906,Bogacki,Experimentelle Flossenregeneration bei europäischen Süßwasserfischen,6,Layer 2,"Same broader taxon (Fishes); different species. Citing: ""Regeneration in Salaria pavo (Blenniidae, Teleostei)""",Fishes,regeneration,C3 – Related taxon active,"Partial — related taxon, different genus",Development of fish collagen in tissue regeneration and drug delivery,10.1016/j.engreg.2022.05.002; 10.1016/j.msec.2016.01.051; 10.1016/j.ijbiomac.2015.08.038,0,2022,
10.1007/bf02162323,1906,Grosser/Przibram,Einige Mißbildungen beim Dornhai (Acanthias vulgaris Risso),7,Layer 4,"Modern engagement exists but does not align on species, taxon, or phenomenon; abstract logic only.",Acanthias vulgaris,,C2 – Same genus active,Yes — same genus still studied today,"Resurrection and redescription of Squalus suckleyi (Girard, 1854) from the North Pacific, with comments on the Squalus acanthias subgroup (Squaliformes: Squalid",10.11646/zootaxa.2612.1.2; 10.1242/jeb.01678; 10.1242/jeb.01015,6,2010,YES
10.1007/bf02162324,1906,Hadzi,Vorversuche zur Biologie von Hydra,18,Layer 1,"Modern citation engages same genus (hydra): ""Transmission of symbiotic algae through sexual reproduction in hydra: Movement o""",Hydra,,C2 – Same genus active,Yes — same genus still studied today,HYDRA,10.1145/2588555.2588559; 10.1038/nature08830; 10.2307/20050197,5,2014,
10.1007/bf02162325,1906,Kammerer,Experimentelle Veränderung der Fortpflanzungstätigkeit bei Geburtshelferkröte (Alytes obstetricans) und Laubfrosch (Hyla arborea),26,Layer 2,"Same broader taxon (Amphibia); different species. Citing: ""Sapo partero común – Alytes obstetricans (Laurenti, 1768)""",Alytes obstetricans,,C1 – Same species active,Yes — modern work on the same species,Within- and Among-Population Variation in Chytridiomycosis-Induced Mortality in the Toad Alytes obstetricans,10.1371/journal.pone.0010927; 10.1159/000121834; 10.1016/s0006-3207(00)00132-4,6,2010,
10.1007/bf02162326,1906,Megusar,Einfluß abnormaler Gravitationswirkung auf die Embryonalentwicklung bei Hydrophilus aterrimus Eschscholtz,2,Layer 2,"Same broader taxon (Coleoptera (beetles)); different species. Citing: ""The effects of centrifugal force upon the eggs of some chrysomelid beetles""",Coleoptera (beetles),"gravity_effects, developmental_mechanics",C3 – Related taxon active,"Partial — related taxon, different genus",Cost of flight and the evolution of stag beetle weaponry,10.1098/rsif.2015.0222; 10.1371/journal.pone.0120777; 10.1371/journal.pcbi.1002792,0,2015,
10.1007/bf02162327,1906,Przibram,"Aufzucht, Farbwechsel und Regeneration einer ägyptischen Gottesanbeterin (Sphodromantis bioculata Burm.)",27,Layer 1,"Modern citation engages same genus (sphodromantis): ""Wachstumsmessungen an Sphodromantis bioculata Burm""",Sphodromantis bioculata,"regeneration, color_change",C2 – Same genus active,Yes — same genus still studied today,"Notes on the lifecycle and distribution of Sphodromantis gastrica (Stål, 1858) (Mantodea: Mantidae) in South Africa",10.17159/2254-8854/2022/a13967; 10.36948/ijfmr.2025.v07i04.53343; 10.1371/journal.pone.0098324,1,2022,
10.1007/bf02162328,1906,Hans Przibram,Kristall-Analogien zur Entwicklungsmechanik der Organismen,15,Layer 4,"Modern engagement exists but does not align on species, taxon, or phenomenon; abstract logic only.",,developmental_mechanics,C4 – Phenomenon only,"No — same phenomenon, unrelated organism",ESHRE PGT Consortium and SIG Embryology good practice recommendations for polar body and embryo biopsy for PGT†,10.1093/hropen/hoaa020; 10.1038/s41586-019-1535-2; 10.1387/ijdb.170315ct,0,2020,
10.1007/bf02189254,1917,Przibram,Wachstumsmessungen an Sphodromantis bioculata Burm,3,Layer 3,"Same phenomenon (Growth / size change); different species and design. Citing: ""Discussion on Growth and New Growth""",Sphodromantis bioculata,growth,C2 – Same genus active,Yes — same genus still studied today,"Alien mantids in a tropical paradise: First record of the giant mantis Sphodromantis viridis (Insecta, Mantodea) for the Canary Islands (Spain)",10.3897/jor.32.96183; 10.14411/eje.2012.039; 10.1603/0046-225x-32.4.881,1,2023,YES
10.1007/bf02189255,1917,K. Przibram,Über die ungeordnete Bewegung niederer Tiere. II,10,Layer 4,"Modern engagement exists but does not align on species, taxon, or phenomenon; abstract logic only.",,behavior,C4 – Phenomenon only,"No — same phenomenon, unrelated organism",World Health Organization 2020 guidelines on physical activity and sedentary behaviour,10.1136/bjsports-2020-102955; 10.1038/s41598-019-56847-4; 10.1038/nature26154,0,2020,
10.1007/bf02189256,1917,Hans Przibram,Temperaturquotienten für Lebenserscheinungen der Sphodromantis bioculata Burm,5,Layer 1,"Modern citation engages same genus (sphodromantis): ""Fühlerregeneration halberwachsener Sphodromantis-Larven""",Sphodromantis bioculata,thermal_modification,C2 – Same genus active,Yes — same genus still studied today,Prior cueing affects the saccadic response to targets in the praying mantis Sphodromantis lineola,10.1242/jeb.249296; 10.3897/jor.32.96183; 10.17159/2254-8854/2022/a13967,4,2025,
10.1007/bf02189257,1917,Hans Przibram,Die Umwelt des Keimplasmas,15,Layer 2,"Same broader taxon (Mammals); different species. Citing: ""Lability of tail length of the white-footed mouse, Peromyscus leucopus noveborac""",Mammals,"thermal_modification, developmental_mechanics",C3 – Related taxon active,"Partial — related taxon, different genus",Allen's Rule Revisited: Temperature Influences Bone Elongation During a Critical Period of Postnatal Development,10.1002/ar.22763; 10.1007/s12052-012-0418-x; 10.2174/157340411796355216,0,2013,
10.1007/bf02189258,1917,Przibram,"Transitäre Scherenformen der Winkerkrabbe, Gelasimus pugnax Smith",8,Layer 2,"Same broader taxon (Crustacea); different species. Citing: ""Crustacea. Krebse""",Crustacea,heteromorphosis,C3 – Related taxon active,"Partial — related taxon, different genus",Influence of Selenium Element on Regeneration and Fecundity of the Riverine crab Sesarma boulengeri Calman,10.58629/ijaq.v9i1.214; 10.3989/scimar.2003.67n175,0,2022,
10.1007/bf02189259,1917,Przibram,Fühlerregeneration halberwachsener Sphodromantis-Larven,5,Layer 2,"Same broader taxon (Orthoptera / Mantis); different species. Citing: ""Central projections of a homoeotic regenerate, antennapedia, in a stick insect, """,Sphodromantis,"regeneration, heteromorphosis",C2 – Same genus active,Yes — same genus still studied today,"Notes on the lifecycle and distribution of Sphodromantis gastrica (Stål, 1858) (Mantodea: Mantidae) in South Africa",10.17159/2254-8854/2022/a13967; 10.36948/ijfmr.2025.v07i04.53343; 10.1371/journal.pone.0098324,1,2022,
10.1007/bf02189260,1917,Brecher,"Die Puppenfärbungen des Kohlweißlings, Pieris brassicae L.",22,Layer 2,"Same broader taxon (Lepidoptera); different species. Citing: ""Hormonal control of pupal coloration in the painted lady butterfly Vanessa cardu""",Pieris brassicae,light_effects,C1 – Same species active,Yes — modern work on the same species,Oviposition Preference for Young Plants by the Large Cabbage Butterfly (Pieris brassicae ) Does not Strongly Correlate with Caterpillar Performance,10.1007/s10886-017-0853-9; 10.1093/jxb/eru096; 10.1093/jxb/ers362,6,2017,
10.1007/bf02189261,1917,Hans Przibram,Dr. Franz Megusar,3,Layer 4,"Modern engagement exists but does not align on species, taxon, or phenomenon; abstract logic only.",Mantis,"regeneration, color_change",C2 – Same genus active,Yes — same genus still studied today,Mantis shrimp saddle-mimetic amorphous calcium (zinc) phosphate/chitin scaffolds with superior mechanical properties and bioactivity for bone regeneration,10.1016/j.bioactmat.2026.02.001; 10.4314/met.v32i1.10; 10.1016/j.saa.2020.119223,5,2026,YES
10.1007/bf02254264,1925,Paul Weiß,Abhängigkeit der Regeneration entwickelter Amphibien-extremitäten vom Nervensystem,24,Layer 2,"Same broader taxon (Amphibia); different species. Citing: ""Morphological effects of denervation and amputation of limbs in urodele larvae""",Amphibia,"regeneration, behavior",C3 – Related taxon active,"Partial — related taxon, different genus",Evaluation of the combined temperature and relative humidity preferences of the Colombian terrestrial salamander Bolitoglossa ramosi (Amphibia: Plethodon,10.1139/cjz-2017-0330; 10.3390/biomedicines5020025; 10.1002/reg2.8,0,2018,
10.1007/bf02254265,1925,Weiss,Unabhängigkeit der Extremitätenregeneration vom Skelett (bei Triton cristatus),54,Layer 2,"Same broader taxon (Amphibia); different species. Citing: ""Cells keep a memory of their tissue origin during axolotl limb regeneration""",Triton cristatus,"regeneration, morphology",C2 – Same genus active (modern name),"Yes — same genus, under its modern name",Investigation of axonal regeneration of Triturus ivanbureschi by using physiological and proteomic strategies,10.1007/s12038-019-9950-y; 10.1159/000224584; 10.1098/rspb.2003.2439,4,2019,
10.1007/bf02254266,1925,Paul Weiß,Die seitliche Regeneration der Urodelenextremität,9,Layer 3,"Same phenomenon (Regeneration); different species and design. Citing: ""The regulative ability of the limb regeneration blastema ofNotophlhalmus virides""",,regeneration,C4 – Phenomenon only,"No — same phenomenon, unrelated organism",Transient Regenerative Potential of the Neonatal Mouse Heart,10.1126/science.1200708; 10.1002/adma.200802106; 10.1016/s0092-8674(03)00687-1,0,2011,
10.1007/bf02254267,1925,Weiss,Winkelmessungen am Schmetterlingsflügel,5,Layer 3,"Same phenomenon (Regeneration); different species and design. Citing: ""Die Regeneration der polycladen Turbellarien""",Lepidoptera,"regeneration, growth",C3 – Related taxon active,"Partial — related taxon, different genus","The Butterflies of Barro Colorado Island, Panama: Local Extinction since the 1930s",10.1371/journal.pone.0136623; 10.1111/avsc.12765; 10.3390/f14010158,0,2015,
10.1007/bf02254268,1925,Burt,"The head and foot of Pelmatohydra oligactis, pall., as unipotent systems",16,Layer 1,"Modern citation engages same genus (hydra): ""The foot formation stimulating peptide pedibin is also involved in patterning of""",Pelmatohydra oligactis,heteromorphosis,C4 – Phenomenon only,"No — same phenomenon, unrelated organism",Hb-EGF directs systemic muscle repair,10.1242/dev.204993; 10.37547/ajsshr/volume05issue05-40,0,2026,
10.1007/bf02254269,1925,Hans Przibram,"Direkte Temperaturabhängigkeit der Schwanzlänge bei Ratten, Mus (Epimys) decumanus Pall. und M. (E.) rattus L.",6,Layer 2,"Same broader taxon (Mammals); different species. Citing: ""Temperature-dependent Developmental Plasticity and Its Effects on Allen’s and Be""",Mus,"thermal_modification, developmental_mechanics",C2 – Same genus active,Yes — same genus still studied today,Molecular and spatial landmarks of early mouse skin development,10.1016/j.devcel.2023.07.015; 10.1016/j.applanim.2021.105541; 10.1016/j.jtherbio.2018.07.010,5,2023,
10.1007/bf02254270,1925,Hans Przibram,"Die Schwanzlänge bei Ratten, Mus (Epimys) decumanus Pall. und M. (E.) rattus L., als fakultatives Geschlechtsmerkmal",1,Layer 2,"Same broader taxon (Mammals); different species. Citing: ""Die Körpertemperatur beim männlichen und weiblichen. beim kastrierten und femini""",Mus,"sex_determination, thermal_modification",C2 – Same genus active,Yes — same genus still studied today,Sex-dependent modulation of ultrasonic vocalizations in house mice (Mus musculus musculus),10.1371/journal.pone.0188647; 10.1134/s0022093015040080; 10.23675/sjlas.v41i0.328,6,2017,
10.1007/bf02254271,1925,Przibram,"Die Schwanzlänge der Nachkommen temperaturmodifizierter Ratten, Mus (Epimys) decumanus Pall. und M. (E.) rattus L.",2,Layer 4,"Modern engagement exists but does not align on species, taxon, or phenomenon; abstract logic only.",Mus,"thermal_modification, developmental_mechanics",C2 – Same genus active,Yes — same genus still studied today,Molecular and spatial landmarks of early mouse skin development,10.1016/j.devcel.2023.07.015; 10.1016/j.applanim.2021.105541; 10.1016/j.jtherbio.2018.07.010,5,2023,YES
10.1007/bf02254272,1925,Przibram,Das Anwachsen der relativen Schwanzlänge und dessen Temperaturquotient bei den Ratten Mus (Epimys) decumanus Pall. und M. (Ep.) rattus L.,1,Layer 2,"Same broader taxon (Mammals); different species. Citing: ""Das Wachstum der weissen Ratte bis zur Geschlechtsreife bei Fleisch-, Pflanzen- """,Mus,"thermal_modification, growth",C2 – Same genus active,Yes — same genus still studied today,"Titrating the preferences of altered lighting against temperature in female CD-1 laboratory mice, Mus musculus",10.1016/j.applanim.2021.105541; 10.1016/j.jtherbio.2018.07.010; 10.1038/srep41926,5,2021,
10.1007/bf02254273,1925,Sato / Brecher,Kann Dopa oder Tyrosin das Chromogen bei Wirbeltieren abgeben?,7,Layer 3,"Same phenomenon (Pigmentation / melanin biology); different species and design. Citing: ""Das Pigment""",,pigmentation,C4 – Phenomenon only,"No — same phenomenon, unrelated organism",CRISPR mutagenesis confirms the role of oca2 in melanin pigmentation in Astyanax mexicanus,10.1016/j.ydbio.2018.03.014; 10.1534/genetics.116.196451; 10.1186/1746-160x-10-8,0,2018,
10.1007/bf02254274,1925,Brecher / Winkler,Übereinstimmung positiver und negativer Dopareaktiönen an Gefrierschnitten mit jenen an Extrakten,5,Layer 3,"Same phenomenon (Pigmentation / melanin biology); different species and design. Citing: ""Das Pigment""",,pigmentation,C4 – Phenomenon only,"No — same phenomenon, unrelated organism",CRISPR mutagenesis confirms the role of oca2 in melanin pigmentation in Astyanax mexicanus,10.1016/j.ydbio.2018.03.014; 10.1534/genetics.116.196451; 10.1186/1746-160x-10-8,0,2018,
10.1007/bf02254275,1925,Sciacchitano,Quando si forma la Dopa nei bozzoli di Lophyrus Pini L.,5,Layer 1,"Modern citation engages same genus (lophyrus): ""Beiträge zur Kenntnis der Morphologie, Anatomie und Biologie von Lophyrus pini L""",Hymenoptera,pigmentation,C3 – Related taxon active,"Partial — related taxon, different genus",Melanic variation underlies aposematic color variation in two hymenopteran mimicry systems,10.1371/journal.pone.0182135; 10.7717/peerj.3300; 10.25849/myrmecol.news_023:129,0,2017,
10.1007/bf02254276,1925,Abolin,Beeinflussung des Fischfarbwechsels durch Chemikalien,32,Layer 2,"Same broader taxon (Fishes); different species. Citing: ""The development of the secondary sexual characters in the pink salmon (Oncorhync""",Amphibia,"color_change, pigmentation",C3 – Related taxon active,"Partial — related taxon, different genus",Background matching through fast and reversible melanin-based pigmentation plasticity in tadpoles comes with morphological and antioxidant changes,10.1038/s41598-023-39107-4; 10.1038/srep39739; 10.5402/2012/725203,0,2023,
10.1007/bf02254277,1925,Przibram,Achsenverhältnisse und Entwicklungspotenzen der Urodelenextremitäten an Modellen zu Harrisons Transplantationsversuchen,10,Layer 3,"Same phenomenon (Transplantation / replantation); different species and design. Citing: ""Observations upon the growth, function, and nerve supply of limbs when grafted t""",,transplantation,C4 – Phenomenon only,"No — same phenomenon, unrelated organism",Long-term kidney transplant graft survival—Making progress when most needed,10.1111/ajt.16463; 10.1038/nm.2170; 10.2215/cjn.04681107,0,2020,
10.1007/bf02263792,1910,Kammerer,Die Wirkung äußerer Lebensbedingungen auf die organische Variation im Lichte der experimentellen Morphologie,10,Layer 3,"Same phenomenon (Morphology / anatomy); different species and design. Citing: ""Feeding Experiments on tadpoles""",,morphology,C4 – Phenomenon only,"No — same phenomenon, unrelated organism","Comparative morphology, anatomy and chemotaxonomy of two Cissus Linn. species",10.1007/s40415-023-00881-0; 10.1016/j.envpol.2020.114727; 10.1111/j.1469-8137.2010.03598.x,0,2023,
10.1007/bf02263793,1910,Przibram,Die Verteilung formbildender Fähigkeiten am Tierkörper in dorso-ventraler Richtung,10,Layer 3,"Same phenomenon (Entwicklungsmechanik / experimental embryology); different species and design. Citing: ""Über die Determination der ersten Organanlagen des Amphibienembryo I–VI""",,"regeneration, developmental_mechanics",C4 – Phenomenon only,"No — same phenomenon, unrelated organism",Porous scaffolds for bone regeneration,10.1016/j.jsamd.2020.01.007; 10.1387/ijdb.170315ct; 10.1016/j.msec.2016.10.047,0,2020,
10.1007/bf02266716,1913,Janda,FühlerÄhnliche Heteromorphosen an Stelle von Augen bei Stylopyga orientalis und Tenebrio molitor,7,Layer 1,"Modern citation engages same genus (tenebrio): ""Über Restitutionserscheinungen an Stelle von Augen bei Tenebrio-Larven nach Zers""",Tenebrio molitor,heteromorphosis,C4 – Phenomenon only,"No — same phenomenon, unrelated organism","New teratological cases in cuckoo wasps, with synonymization of Oligogaster Soliman Kimsey (Hymenoptera, Chrysididae)",10.11646/zootaxa.5424.2.6; 10.1673/031.007.1301,0,2024,
10.1007/bf02266717,1913,Paul Kammerer,Vererbung erzwungener FarbverÄnderungen,34,Layer 2,"Same broader taxon (Amphibia); different species. Citing: ""A salamander’s toxic arsenal: review of skin poison diversity and function in tr""",Amphibia,inheritance_of_acquired,C3 – Related taxon active,"Partial — related taxon, different genus",Paul Kammerer and epigenetics – a reappraisal of his experiments,10.1163/18759866-bja10019; 10.1163/18759866-08504005; 10.15666/aeer/0901_001015,0,2021,
10.1007/bf02266718,1913,Przibram,Die Kammerprogression der Foraminiferen als Parallele zur HÄutungsprogression der Mantiden,5,Layer 4,"Modern engagement exists but does not align on species, taxon, or phenomenon; abstract logic only.",Fishes,developmental_mechanics,C3 – Related taxon active,"Partial — related taxon, different genus",Fish reproductive-energy output increases disproportionately with body size,10.1126/science.aao6868; 10.1111/raq.12010; 10.1111/raq.12020,0,2018,
10.1007/bf02266719,1913,Uhlenhuth,Die synchrone Metamorphose transplantierter Salamanderaugen,31,Layer 2,"Same broader taxon (Amphibia); different species. Citing: ""Reimplantation and transplantation of adult eyes in the salamander (Triturus vir""",Salamandra salamander,transplantation,C2 – Same genus active,Yes — same genus still studied today,The Role of Plasticity and Adaptation in the Incipient Speciation of a Fire Salamander Population,10.3390/genes10110875; 10.4119/unibi/3011402; 10.3389/fcell.2021.689062,1,2019,
10.1007/bf02266720,1913,Walther,Die Umwelt des Keimplasmas,0,none,No citations indexed in OpenAlex.,,developmental_mechanics,C4 – Phenomenon only,"No — same phenomenon, unrelated organism",ESHRE PGT Consortium and SIG Embryology good practice recommendations for polar body and embryo biopsy for PGT†,10.1093/hropen/hoaa020; 10.1038/s41586-019-1535-2; 10.1387/ijdb.170315ct,0,2020,
10.1007/bf02287856,1912,Hammerschlag,Zuchtversuche mit japanischen Tanzmäusen und europäischen Laufmäusen,4,Layer 4,"Modern engagement exists but does not align on species, taxon, or phenomenon; abstract logic only.",,,C5 – No modern parallel,No modern parallel found,,,0,,
10.1007/bf02287857,1912,Janda,Die Regeneration der Geschlechtsorgane bei Criodrilus lacuum Hoffm. I,9,Layer 2,"Same broader taxon (Annelida); different species. Citing: ""Annelids as models of germ cell and gonad regeneration""",Annelida,"regeneration, sex_determination",C3 – Related taxon active,"Partial — related taxon, different genus","A novel beta-catenin homologue from the earthworm Eisenia andrei: Identification and characterization during embryonic development, segment regeneration, and im",10.1016/j.ijbiomac.2025.141397; 10.4081/ejh.2017.2814; 10.1351/pac200375112207,0,2025,
10.1007/bf02287858,1912,Kammerer,"Experimente über Fortpflanzung, Farbe, Augen und Körperreduction bei Proteus anguinus Laur",27,Layer 1,"Modern citation engages same genus (proteus): ""Monitoring health and reproductive status of olms (Proteus anguinus) by ultrasou""",Proteus anguinus,"regeneration, inheritance_of_acquired",C1 – Same species active,Yes — modern work on the same species,"Toward the massive genome of Proteus anguinus — illuminating longevity, regeneration, convergent evolution, and metabolic disorders",10.5281/zenodo.7553719; 10.1093/rb/rbac042; 10.1021/acs.jafc.8b00627,4,2021,
10.1007/bf02287859,1912,Megusar,Experimente über den Farbwechsel der Crustaceen,40,Layer 2,"Same broader taxon (Crustacea); different species. Citing: ""ENDOCRINE CONTROL IN THE CRUSTACEA""",Crustacea,color_change,C3 – Related taxon active,"Partial — related taxon, different genus",Improved camouflage through ontogenetic colour change confers reduced detection risk in shore crabs,10.1111/1365-2435.13280; 10.3389/fevo.2016.00051; 10.1111/bij.12039,0,2019,
10.1007/bf02287860,1912,Przibram,Die Umwelt des Keimplasmas,10,Layer 4,"Modern engagement exists but does not align on species, taxon, or phenomenon; abstract logic only.",,developmental_mechanics,C4 – Phenomenon only,"No — same phenomenon, unrelated organism",ESHRE PGT Consortium and SIG Embryology good practice recommendations for polar body and embryo biopsy for PGT†,10.1093/hropen/hoaa020; 10.1038/s41586-019-1535-2; 10.1387/ijdb.170315ct,0,2020,
10.1007/bf02287861,1912,Secerov,Die Umwelt des Keimplasmas,4,Layer 4,"Modern engagement exists but does not align on species, taxon, or phenomenon; abstract logic only.",Salamandra,developmental_mechanics,C2 – Same genus active,Yes — same genus still studied today,Functional colour genes and signals of selection in colour‐polymorphic salamanders,10.1111/mec.15411; 10.13128/acta_herpetol-3416; 10.1002/jez.b.22792,6,2020,YES
10.1007/bf02287862,1912,Congdon,The surroundings of the germ plasm,15,Layer 2,"Same broader taxon (Mammals); different species. Citing: ""Some studies of environmental influence, heredity, correlation and growth, in th""",Mammals,thermal_modification,C3 – Related taxon active,"Partial — related taxon, different genus","Size, temperature, and fitness: three rules",10.17615/jtzc-v174; 10.1101/gad.290635.116; 10.1111/eva.12137,0,2021,
10.1007/bf02287863,1912,Secerov,Weitere Farbwechsel- und Hauttransplantationsversuche an der Bartgrundel (Nemachilus barbatula L.),10,Layer 2,"Same broader taxon (Fishes); different species. Citing: ""Comparative assessment of immunological tolerance in fish with natural immunodef""",Fishes,"transplantation, color_change",C3 – Related taxon active,"Partial — related taxon, different genus",A New and Fast Technique to Generate Offspring after Germ Cells Transplantation in Adult Fish: The Nile Tilapia (Oreochromis niloticus) Model,10.1371/journal.pone.0010740; 10.1016/s1001-0742(09)60326-0; 10.1016/j.stem.2007.11.002,0,2010,
10.1007/bf02287864,1912,Uhlenhuth,Die Transplantation des Amphibienauges,28,Layer 2,"Same broader taxon (Amphibia); different species. Citing: ""Reimplantation and transplantation of adult eyes in the salamander (Triturus vir""",Amphibia,transplantation,C3 – Related taxon active,"Partial — related taxon, different genus",Generation of Functional Eyes from Pluripotent Cells,10.1371/journal.pbio.1000174; 10.1371/journal.pbio.0020092; 10.1073/pnas.082112099,0,2009,
10.1007/bf02288308,1907,Czerny,Versuche Über Regeneration bei Süßwasser- und Nacktschnecken,7,Layer 2,"Same broader taxon (Mollusca); different species. Citing: ""Zur Regeneration des Weichkörpers bei den Gastropoden""",snail gastropod,regeneration,C2 – Same genus active,Yes — same genus still studied today,A natural biological adhesive from snail mucus for wound repair,10.1038/s41467-023-35907-4; 10.1088/1748-605x/ac2352; 10.1515/jcim-2017-0168,6,2023,
10.1007/bf02288309,1907,Kammerer,Bastardierung von Flußbarsch (Perca fluviatilis L.) und Kaulbarsch (Acerina cernua L.),9,Layer 1,"Modern citation engages same genus (perca): ""First Record of Natural Hybridization and Introgression between Pikeperch (<i>Sa""",Perca fluviatilis,hybridization,C1 – Same species active,Yes — modern work on the same species,Standardization of sperm management for laboratory assessment of sperm quality and in vitro fertilization in Eurasian perch (Perca fluviatilis),10.1007/s10499-021-00731-4; 10.3201/eid2712.210491; 10.3750/aiep/02494,6,2021,
10.1007/bf02288310,1907,Klintz,Regeneration der Antenne bei der Kellerassel (Porcellio scaber Latr.),1,Layer 1,"Modern citation engages same genus (porcellio): ""Morphological analysis of regenerated antennae in the isopod Porcellio scaber (I""",Porcellio scaber,regeneration,C1 – Same species active,Yes — modern work on the same species,"Morphological analysis of regenerated antennae in the isopod Porcellio scaber (Isopoda, Crustacea), with emphasis on the main sensory structures",10.3897/zookeys.1225.118414; 10.1016/j.biochi.2023.05.007; 10.14720/abs.64.1.15759,6,2025,
10.1007/bf02288311,1907,Kryz,Unabhängigkeit der Coagulationspunkte spezifischer Muskelplasmen von der Temperatur während des Lebens,5,Layer 4,"Modern engagement exists but does not align on species, taxon, or phenomenon; abstract logic only.",Mus,thermal_modification,C2 – Same genus active,Yes — same genus still studied today,"Titrating the preferences of altered lighting against temperature in female CD-1 laboratory mice, Mus musculus",10.1016/j.applanim.2021.105541; 10.1016/j.jtherbio.2018.07.010; 10.1038/srep41926,5,2021,YES
10.1007/bf02288312,1907,Neudörfer,Versuche Über die Anpassung von Süßwasserfischen an Salzwasser,4,Layer 2,"Same broader taxon (Fishes); different species. Citing: ""The regulation of body volume in fresh‐water organisms""",Fishes,salinity_osmotic,C3 – Related taxon active,"Partial — related taxon, different genus","Exploring salinity adaptation in teleost fish, focusing on omics perspectives on osmoregulation and gut microbiota",10.3389/fmars.2025.1559871; 10.1371/journal.pone.0173238; 10.1016/j.jembe.2015.07.014,0,2025,
10.1007/bf02288313,1907,Hans Przibram,Differenzierung des Abdomens enthäuster Einsiedlerkrebse (Paguridae),5,Layer 2,"Same broader taxon (Crustacea); different species. Citing: ""Phylogeny of the Anomala (Crustacea, Decapoda, Reptantia) based on the ossicles """,crayfish crustacean,,C2 – Same genus active,Yes — same genus still studied today,Continental-wide distribution of crayfish species in Europe: update and maps,10.1051/kmae/2014007; 10.1007/s00027-011-0181-z; 10.1080/10236240600869702,5,2014,
10.1007/bf02288314,1907,Przibram,Automatischer Abwurf mißbildeter Regenerate bei Arthropoden,4,Layer 2,"Same broader taxon (Crustacea); different species. Citing: ""Die »Scherenumkehr« bei decapoden Crustaceen (zugleich: Experimentelle Studien ü""",Crustacea,"regeneration, heteromorphosis",C3 – Related taxon active,"Partial — related taxon, different genus",Influence of Selenium Element on Regeneration and Fecundity of the Riverine crab Sesarma boulengeri Calman,10.58629/ijaq.v9i1.214; 10.1371/journal.pone.0126900; 10.3897/asp.67.e31696,0,2022,
10.1007/bf02288315,1907,Przibram,"Aufzucht, Farbwechsel und Regeneration unsrer europäischen Gottesanbeterin (Mantis religiosa L.)",7,Layer 2,"Same broader taxon (Orthoptera / Mantis); different species. Citing: ""Habitat Preference of German<i>Mantis religiosa</i>Populations (Mantodea: Mantid""",Mantis religiosa,"regeneration, color_change",C2 – Same genus active,Yes — same genus still studied today,Mantis shrimp saddle-mimetic amorphous calcium (zinc) phosphate/chitin scaffolds with superior mechanical properties and bioactivity for bone regeneration,10.1016/j.bioactmat.2026.02.001; 10.4314/met.v32i1.10; 10.1016/j.saa.2020.119223,6,2026,
10.1007/bf02288316,1907,Przibram,Regenerationsversuche allgemeinerer Bedeutung bei Borstenschwänzen (Lepismatidae),14,Layer 3,"Same phenomenon (Regeneration); different species and design. Citing: ""Appendage loss and regeneration in arthropods: A comparative view""",Mantis,regeneration,C2 – Same genus active,Yes — same genus still studied today,Mantis shrimp saddle-mimetic amorphous calcium (zinc) phosphate/chitin scaffolds with superior mechanical properties and bioactivity for bone regeneration,10.1016/j.bioactmat.2026.02.001; 10.4314/met.v32i1.10; 10.1016/j.saa.2020.119223,6,2026,YES
10.1007/bf02288317,1907,Weindl,Pigmententstehung auf Grund vorgebildeter Tyrosinasen,14,Layer 3,"Same phenomenon (Pigmentation / melanin biology); different species and design. Citing: ""Das Problem der Pigmentbildung in der Haut""",,pigmentation,C4 – Phenomenon only,"No — same phenomenon, unrelated organism",CRISPR mutagenesis confirms the role of oca2 in melanin pigmentation in Astyanax mexicanus,10.1016/j.ydbio.2018.03.014; 10.1534/genetics.116.196451; 10.1186/1746-160x-10-8,0,2018,
10.1007/bf02288318,1907,Weiss (Otto),Regeneration und Autotomie bei der Wasserspinne (Argyroneta aquatica Cl.),6,Layer 2,"Same broader taxon (Arachnida); different species. Citing: ""Epimorphosis and repair processes of schistomelic pedipalps and walking appendag""",Argyroneta aquatica,regeneration,C1 – Same species active,Yes — modern work on the same species,Molecular Phylogenetic Relationships Based on Mitogenomes of Spider: Insights Into Evolution and Adaptation to Extreme Environments,10.1002/ece3.70774; 10.7717/peerj.5751; 10.1007/s00435-015-0260-0,1,2025,
10.1007/bf02288352,1910,Brescia,Experimentelle Untersuchungen über die sekundären Sexualcharaktere der Tritonen,21,Layer 3,"Same phenomenon (Sex determination / sexual characters); different species and design. Citing: ""Seasonal study of the normal and pituitary‐stimulated frog (Rana pipiens). I. Te""",Triton,sex_determination,C2 – Same genus active (modern name),"Yes — same genus, under its modern name","Heterochromatin characterization of sex chromosomes in Triturus marmoratus (Urodela, Salamandridae)",10.1159/000133327; 10.1111/j.1365-2486.2006.01156.x; 10.1670/0022-1511(2002)036[0030:svisra]2.0.co;2,6,2008,YES
10.1007/bf02288353,1910,Fröhlich,Farbwechselreaktionen bei Palaemon,13,Layer 2,"Same broader taxon (Crustacea); different species. Citing: ""Color changes in crustaceans, especially in Palaemonetes""",Crustacea,color_change,C3 – Related taxon active,"Partial — related taxon, different genus",Improved camouflage through ontogenetic colour change confers reduced detection risk in shore crabs,10.1111/1365-2435.13280; 10.3389/fevo.2016.00051; 10.1111/bij.12039,0,2019,
10.1007/bf02288354,1910,Halban,Die Größenzunahme der Eier und Neugeborenen mit dem fortschreitenden Alter der Mutter,7,Layer 3,"Same phenomenon (Growth / size change); different species and design. Citing: ""THE SIZE OF THE BODY AND THE SIZE OF THE ENVIRONMENT IN THE GROWTH OF TADPOLES""",,growth,C4 – Phenomenon only,"No — same phenomenon, unrelated organism",Exploring tree growth allometry using two-date terrestrial laser scanning,10.1016/j.foreco.2022.120303; 10.1073/pnas.1709141115; 10.1111/j.1365-2435.2007.01319.x,0,2022,
10.1007/bf02288355,1910,Kammerer,Vererbung erzwungener Farbveränderungen,5,Layer 2,"Same broader taxon (Reptilia); different species. Citing: ""Checklist of Croatian amphibians and reptiles with bibliography of 250 years of """,Lacerta,inheritance_of_acquired,C2 – Same genus active,Yes — same genus still studied today,"× Dactylodenia lacerta (Orchidaceae): a morphologically cryptic hybrid orchid new to science from the Lizard Peninsula, Cornwall",10.1080/20423489.2017.1408189; 10.1111/j.1420-9101.2006.01208.x; 10.1163/18759866-bja10019,2,2017,
10.1007/bf02288356,1910,Megusar,"Regeneration der Fang-, Schreit- und Sprungbeine bei der Aufzucht von Orthopteren",14,Layer 2,"Same broader taxon (Orthoptera / Mantis); different species. Citing: ""Einige biometrische Untersuchungen zum Metamorphosegeschehen bei Acheta domestic""",Orthoptera / Mantis,regeneration,C3 – Related taxon active,"Partial — related taxon, different genus",Morphology and fine organization of the midgut of Gampsocleis gratiosa (Orthoptera: Tettigoniidae),10.1371/journal.pone.0200405; 10.1093/ee/nvw119; 10.1007/s00359-010-0598-1,0,2018,
10.1007/bf02288357,1910,Przibram,Die Homoeosis bei Arthropoden,13,Layer 4,"Modern engagement exists but does not align on species, taxon, or phenomenon; abstract logic only.",,heteromorphosis,C4 – Phenomenon only,"No — same phenomenon, unrelated organism",Influence of Selenium Element on Regeneration and Fecundity of the Riverine crab Sesarma boulengeri Calman,10.58629/ijaq.v9i1.214; 10.1186/s12943-020-01178-6; 10.1002/reg2.89,0,2022,
10.1007/bf02288358,1910,Winkler,Studien über Pigmentbildung,26,Layer 2,"Same broader taxon (Amphibia); different species. Citing: ""The regulation of skin‐pattern in an amphibian, Diemyctylus""",Amphibia,"transplantation, pigmentation",C3 – Related taxon active,"Partial — related taxon, different genus","Skin Wound Healing of the Adult Newt, Cynops pyrrhogaster: A Unique Re-Epithelialization and Scarless Model",10.3390/biomedicines9121892; 10.4236/ojas.2015.52017; 10.1186/1471-213x-7-56,0,2021,
10.1007/bf02288359,1910,Zuelzer,Der Einfluß des Meerwassers auf die pulsierende Vacuole,9,Layer 4,"Modern engagement exists but does not align on species, taxon, or phenomenon; abstract logic only.",,salinity_osmotic,C4 – Phenomenon only,"No — same phenomenon, unrelated organism",Capacity for Cellular Osmoregulation Defines Critical Salinity of Marine Invertebrates at Low Salinity,10.3389/fmars.2022.898364; 10.1016/j.ecolind.2017.04.003; 10.1242/jeb.112664,0,2022,
10.1007/bf02292159,1907,Gluschkiewitsch,Regeneration des Vorder- und Hinterendes der Clepsine tessulata,2,Layer 4,"Modern engagement exists but does not align on species, taxon, or phenomenon; abstract logic only.",Clepsine tessulata,regeneration,C2 – Same genus active (modern name),"Yes — same genus, under its modern name","Reproductive differences among species, and between individuals and cohorts, in the leech genus Helobdella (Lophotrochozoa; Annelida; Clitellata; Hirudinida; Gl",10.1371/journal.pone.0214581; 10.1371/journal.pone.0204234; 10.1093/molbev/mst201,3,2019,YES
10.1007/bf02292160,1907,Paul Kammerer,Vererbung erzwungener Fortpflanzungsanpassungen,34,Layer 3,"Same phenomenon (Inheritance of acquired characteristics); different species and design. Citing: ""&amp;#8220;Centric&amp;#8221; and &amp;#8220;Excluding&amp;#8221; Conceptions of""",Amphibia,inheritance_of_acquired,C3 – Related taxon active,"Partial — related taxon, different genus",Paul Kammerer and epigenetics – a reappraisal of his experiments,10.1163/18759866-bja10019; 10.1163/18759866-08504005; 10.15666/aeer/0901_001015,0,2021,
10.1007/bf02292161,1907,Kammerer,Symbiose zwischen Libellenlarve und Fadenalge,5,Layer 4,"Modern engagement exists but does not align on species, taxon, or phenomenon; abstract logic only.",dragonfly Odonata,,C4 – Phenomenon only,"No — same phenomenon, unrelated organism",Global diversity of dragonflies (Odonata) in freshwater,10.1007/s10750-007-9029-x; 10.1016/s0006-3207(99)00178-0; 10.5860/choice.37-2758,0,2007,
10.1007/bf02292162,1907,Kammerer,Regeneration sekundärer Sexualcharaktere bei den Amphibien,5,Layer 2,"Same broader taxon (Amphibia); different species. Citing: ""Equilibrium of animal form""",Amphibia,"regeneration, sex_determination",C3 – Related taxon active,"Partial — related taxon, different genus",The transcriptome of the newt Cynops orientalis provides new insights into evolution and function of sexual gene networks in sarcopterygians,10.1038/s41598-020-62408-x; 10.1159/000548930,0,2020,
10.1007/bf02292163,1907,Klintz,Versuche über das geringe Regenerationsvermögen der Cyclopiden,3,Layer 2,"Same broader taxon (Crustacea); different species. Citing: ""Die Vererbung von Abnormitäten bei Cyclops""",Crustacea,"regeneration, sex_determination",C3 – Related taxon active,"Partial — related taxon, different genus",Transcriptomic Changes Following Induced De-Masculinisation of Australian Red Claw Crayfish Cherax quadricarinatus,10.3390/ijms24043292; 10.3389/fmars.2020.534443; 10.1371/journal.pone.0015281,0,2023,
10.1007/bf02292164,1907,Megusar,Regeneration der Tentakel und des Auges bei der Spitzschlammschnecke (Limnaea stagnalis L.),5,Layer 2,"Same broader taxon (Mollusca); different species. Citing: ""Zur Regeneration des Weichkörpers bei den Gastropoden""",Limnaea stagnalis,regeneration,C2 – Same genus active (modern name),"Yes — same genus, under its modern name",Transcriptome analysis of the central nervous system of the mollusc Lymnaea stagnalis,10.1186/1471-2164-10-451; 10.1242/jeb.013102; 10.1097/00000542-200502000-00018,6,2009,
10.1007/bf02292165,1907,Megusar,Regeneration des Caudalhorns bei der Seidenspinnerraupe Bombyx mori L.),2,Layer 3,"Same phenomenon (Regeneration); different species and design. Citing: ""Untersuchungen über die Regeneration von Larvalorganen und Imaginalscheiben bei """,Bombyx mori,regeneration,C1 – Same species active,Yes — modern work on the same species,Silk Fibers Extruded Artificially from Aqueous Solutions of Regenerated Bombyx mori Silk Fibroin are Tougher than their Natural Counterparts,10.1002/adma.200800582; 10.1016/j.polymer.2004.11.029; 10.1021/ja046079f,5,2008,YES
10.1007/bf02292166,1907,Megusar,Die Regeneration der Coleopteren,23,Layer 3,"Same phenomenon (Regeneration); different species and design. Citing: ""The sea spider <i>Pycnogonum litorale</i> overturns the paradigm of the absence """,Coleoptera (beetles),regeneration,C3 – Related taxon active,"Partial — related taxon, different genus",Measuring the Costs of Limb Regeneration and Their Transgenerational Consequences in Two Nearctic Lady Beetles (Coleoptera: Coccinellidae),10.1093/jee/toaa100; 10.1007/s11284-014-1175-9; 10.1186/1471-2164-14-198,0,2020,
10.1007/bf02292167,1907,Muftic,Die Lungenregeneration bei Salamandra maculosa und einigen andern Amphibien,4,Layer 3,"Same phenomenon (Regeneration); different species and design. Citing: ""Über Lungenregeneration bei Anurenlarven""",Salamandra maculosa,regeneration,C2 – Same genus active,Yes — same genus still studied today,"The identity of Proteus tritonius Laurenti, 1768: comments on a really doubtful case of literary interpretation",10.3897/herpetozoa.39.e178255; 10.1371/journal.pone.0128077; 10.3390/anatomia3010004,2,2026,YES
10.1007/bf02292168,1907,Przibram,Vererbungsversuche über asymmetrische Augenfärbung bei Angorakatzen,21,Layer 2,"Same broader taxon (Mammals); different species. Citing: ""Kristine Bonnevie's theories on the genetics of fingerprints, and their applicat""",cat,,C2 – Same genus active,Yes — same genus still studied today,Cation Intercalation and High Volumetric Capacitance of Two-Dimensional Titanium Carbide,10.1126/science.1241488; 10.1021/ic401215x; 10.1126/science.1193270,4,2013,
10.1007/bf02292169,1907,Hans Przibram,Die »Scherenumkehr« bei decapoden Crustaceen (zugleich: Experimentelle Studien über Regeneration. Vierte Mitteilung),10,Layer 4,"Modern engagement exists but does not align on species, taxon, or phenomenon; abstract logic only.",Crustacea,regeneration,C3 – Related taxon active,"Partial — related taxon, different genus",Control of molting in crustacea,10.1201/9781315140681-2; 10.1371/journal.pone.0126900; 10.3897/asp.67.e31696,0,2017,
10.1007/bf02292170,1907,Werber,Regeneration der exstirpierten Flügel beim Mehlkäfer (Tenebrio molitor),8,Layer 4,"Modern engagement exists but does not align on species, taxon, or phenomenon; abstract logic only.",Tenebrio molitor,regeneration,C1 – Same species active,Yes — modern work on the same species,Anatomical changes of Tenebrio molitor and Tribolium castaneum during complete metamorphosis,10.1007/s00441-024-03877-8; 10.1016/j.jclepro.2024.142608; 10.3390/ijms24032296,6,2024,YES
10.1007/bf02292171,1907,Kammerer,Regeneration des Dipterenflügels beim Imago,7,Layer 4,"Modern engagement exists but does not align on species, taxon, or phenomenon; abstract logic only.",Salamandra,regeneration,C2 – Same genus active,Yes — same genus still studied today,De novo transcriptome assembly and annotation for gene discovery in Salamandra salamandra at the larval stage,10.1038/s41597-023-02217-9; 10.1038/hdy.2017.55; 10.1371/journal.pone.0128077,3,2023,YES
10.1007/bf02292172,1907,Zuelzer,Über den Einfluß der Regeneration auf die Wachstumsgeschwindigkeit von Asellus aquaticus L.,11,Layer 3,"Same phenomenon (Regeneration); different species and design. Citing: ""Growth and Regeneration of the Second Antennae of Asellus Aquaticus (Isopoda) in""",,"regeneration, growth",C4 – Phenomenon only,"No — same phenomenon, unrelated organism",Carbon sequestration potential of second-growth forest regeneration in the Latin American tropics,10.1126/sciadv.1501639; 10.1002/ece3.1328; 10.1111/gcb.13201,0,2016,
10.1007/bf02292208,1912,Janda,Die Regeneration der Geschlechtsorgane bei Criodrilus lacuum Hoffm. II,8,Layer 2,"Same broader taxon (Annelida); different species. Citing: ""Annelids as models of germ cell and gonad regeneration""",Annelida,"regeneration, sex_determination",C3 – Related taxon active,"Partial — related taxon, different genus","A novel beta-catenin homologue from the earthworm Eisenia andrei: Identification and characterization during embryonic development, segment regeneration, and im",10.1016/j.ijbiomac.2025.141397; 10.4081/ejh.2017.2814; 10.1351/pac200375112207,0,2025,
10.1007/bf02292209,1912,Kurz,Die beinbildenden Potenzen entwickelter Tritonen,28,Layer 4,"Modern engagement exists but does not align on species, taxon, or phenomenon; abstract logic only.",Triton,,C2 – Same genus active (modern name),"Yes — same genus, under its modern name",Needle in a haystack? A comparison of eDNA metabarcoding and targeted qPCR for detection of the great crested newt ( Triturus cristatus,10.1002/ece3.4013; 10.1016/j.biocon.2014.11.029; 10.1186/1742-9994-10-13,5,2018,YES
10.1007/bf02292210,1912,Morgulis,Studien über Inanition in ihrer Bedeutung für das Wachstumsproblem,7,Layer 4,"Modern engagement exists but does not align on species, taxon, or phenomenon; abstract logic only.",Triturus,growth,C2 – Same genus active,Yes — same genus still studied today,Reproductive characteristics of two Triturus species (Amphibia: Caudata),10.2298/abs200328026v; 10.1163/15685381-17000190; 10.1111/ede.12093,6,2020,YES
10.1007/bf02292211,1912,Przibram/Megusar,Wachstumsmessungen an Sphodromantis bioculata Burm,59,Layer 1,"Modern citation engages same genus (sphodromantis): ""Notes on the lifecycle and distribution of Sphodromantis gastrica (Stål, 1858) (""",Sphodromantis bioculata,growth,C2 – Same genus active,Yes — same genus still studied today,"Alien mantids in a tropical paradise: First record of the giant mantis Sphodromantis viridis (Insecta, Mantodea) for the Canary Islands (Spain)",10.3897/jor.32.96183; 10.14411/eje.2012.039; 10.1603/0046-225x-32.4.881,1,2023,
10.1007/bf02292212,1912,Secerov,Die Umwelt des Keimplasmas,4,Layer 2,"Same broader taxon (Amphibia); different species. Citing: ""Über den Einfluß der Umwelt auf die Eierstöcke der Tritonen""",Lacerta,"sex_determination, developmental_mechanics",C2 – Same genus active,Yes — same genus still studied today,"Chromosome Painting Does Not Support a Sex Chromosome Turnover in Lacerta agilis Linnaeus, 1758",10.1159/000506321; 10.1093/jhered/esv083; 10.1163/15685381-00002996,6,2020,
10.1007/bf02292745,1914,Klintz,Experimentelle Schwanzregeneration bei Bilchen (Myoxidae) und einigen andern Säugern,1,Layer 4,"Modern engagement exists but does not align on species, taxon, or phenomenon; abstract logic only.",,regeneration,C4 – Phenomenon only,"No — same phenomenon, unrelated organism",Transient Regenerative Potential of the Neonatal Mouse Heart,10.1126/science.1200708; 10.1002/adma.200802106; 10.1016/s0092-8674(03)00687-1,0,2011,
10.1007/bf02292746,1914,Kornfeld,Abhängigkeit der metamorphotischen Kiemenrückbildung vom Gesamtorganismus der Salamandra maculosa,15,Layer 1,"Modern citation engages same genus (salamandra): ""Über das Leben der Salamandra-Larven bei hohem und niedrigem Sauerstoffpartialdr""",Salamandra maculosa,transplantation,C2 – Same genus active,Yes — same genus still studied today,The Role of Plasticity and Adaptation in the Incipient Speciation of a Fire Salamander Population,10.3390/genes10110875; 10.3897/vz.68.e31600; 10.1038/hdy.2017.55,4,2019,
10.1007/bf02292747,1914,Przibram/Walther,Keine Größenzunahme der frischgeschlüpften Sphodromantis mit dem Alter der Mutter,0,none,No citations indexed in OpenAlex.,Sphodromantis,,C2 – Same genus active,Yes — same genus still studied today,Motion-in-depth perception and prey capture in the praying mantis Sphodromantis lineola,10.1242/jeb.198614; 10.1007/s00359-015-1008-5; 10.3406/bsef.2010.2692,6,2019,YES
10.1007/bf02292748,1914,Sztern,Wachstumsmessungen an Sphodromantis bioculata Burm,17,Layer 4,"Modern engagement exists but does not align on species, taxon, or phenomenon; abstract logic only.",Sphodromantis bioculata,growth,C2 – Same genus active,Yes — same genus still studied today,"Alien mantids in a tropical paradise: First record of the giant mantis Sphodromantis viridis (Insecta, Mantodea) for the Canary Islands (Spain)",10.3897/jor.32.96183; 10.14411/eje.2012.039; 10.1603/0046-225x-32.4.881,1,2023,YES
10.1007/bf02292958,1924,Brecher,"Die Puppenfärbungen des Kohlweißlings, Pieris brassicae L",16,Layer 4,"Modern engagement exists but does not align on species, taxon, or phenomenon; abstract logic only.",Pieris brassicae,,C1 – Same species active,Yes — modern work on the same species,"Modulation of flavonoid metabolites in Arabidopsis thaliana through overexpression of the MYB75 transcription factor: role of kaempferol-3,7-dirhamnoside in res",10.1093/jxb/eru096; 10.1093/jxb/ers362; 10.1007/s10886-007-9350-x,5,2014,YES
10.1007/bf02292959,1924,Leonore Brecher,"Die Puppentärbungen der Vanessiden (Vanessa Io, V. utricae)",5,Layer 2,"Same broader taxon (Lepidoptera); different species. Citing: ""Trade-offs between melanization, development time and adult size in Inachis io a""",Vanessa,,C2 – Same genus active,Yes — same genus still studied today,"Parasitism and migration in southern Palaearctic populations of the painted lady butterfly, Vanessa cardui (Lepidoptera: Nymphalidae)",10.14411/eje.2012.011; 10.1111/j.1365-2656.2007.01262.x; 10.2108/zsj.24.811,6,2012,
10.1007/bf02292960,1924,Leonore Brecher,Die Bedingungen für Fühlerfüße bei Dixippus (Carausius) morosus Br. et Redt,7,Layer 1,"Modern citation engages same genus (dixippus): ""Beitrag zur heteromorphen Regeneration bei Dixippus morosus""",Dixippus,,C2 – Same genus active (modern name),"Yes — same genus, under its modern name","Transcriptomic and Neuropeptidomic Analysis of the Stick Insect, Carausius morosus",10.1021/acs.jproteome.8b00155; 10.1007/s00359-011-0647-4; 10.1111/j.1742-4658.2008.06277.x,6,2018,
10.1007/bf02292961,1924,Ehrenpreis,Milztransplantation an arterwachsenen Urodelen,1,Layer 3,"Same phenomenon (Transplantation / replantation); different species and design. Citing: ""Regeneration und Transplantation bei Tieren""",,transplantation,C4 – Phenomenon only,"No — same phenomenon, unrelated organism",Long-term kidney transplant graft survival—Making progress when most needed,10.1111/ajt.16463; 10.1038/nm.2170; 10.2215/cjn.04681107,0,2020,
10.1007/bf02292962,1924,Hans Przibram,"Die virtuelle und reelle Lage des Amphibienembryos nach natürlichen und künstlichen Marken am Ei des Alpenmolches, Triton alpestris",1,Layer 4,"Modern engagement exists but does not align on species, taxon, or phenomenon; abstract logic only.",Triton alpestris,developmental_mechanics,C2 – Same genus active (modern name),"Yes — same genus, under its modern name",The effects of temperature and pH on the embryonic development of two species of Triturus (Caudata: Salamandridae),10.1163/156853807780202521; 10.1080/11250000600973410; 10.1016/j.cbpa.2005.07.004,5,2007,YES
10.1007/bf02292963,1924,Przibram,Achsenverhältnisse und Entwicklungspotenzen der Urodelenextremitäten an Modellen zu Harrisons Transplantationsversuchen,6,Layer 2,"Same broader taxon (Amphibia); different species. Citing: ""The effect of reversing the medio-lateral or transverse axis of the fore-limb bu""",Amphibia,"transplantation, developmental_mechanics",C3 – Related taxon active,"Partial — related taxon, different genus",FoxN3 is required for craniofacial and eye development of Xenopus laevis,10.1002/dvdy.21007; 10.1371/journal.pbio.0020092; 10.1387/ijdb.10761846,0,2006,
10.1007/bf02292964,1924,Hans Przibram,Die Rolle der Dopa in den Kokonen gewisser Nachtfalter und Blattwespen mit Bemerkungen über die chemischen Orte der Melaninbildung,11,Layer 2,"Same broader taxon (Hymenoptera); different species. Citing: ""Beiträge zur Kenntnis der Morphologie, Anatomie und Biologie von Lophyrus pini L""",Fishes,pigmentation,C3 – Related taxon active,"Partial — related taxon, different genus",Fish pigmentation and coloration: Molecular mechanisms and aquaculture perspectives,10.1111/raq.12583; 10.1371/journal.pone.0080823; 10.1016/j.yhbeh.2009.06.006,0,2021,
10.1007/bf02292965,1924,Weiss,Die Funktion transplantierter Amphibienextremitäten,42,Layer 2,"Same broader taxon (Amphibia); different species. Citing: ""The inductive activity of the spinal cord in urodele tail regeneration""",Amphibia,"regeneration, transplantation",C3 – Related taxon active,"Partial — related taxon, different genus",The specialist in regeneration—the Axolotl—a suitable model to study bone healing?,10.1038/s41536-022-00229-4; 10.1186/1471-213x-10-15; 10.1371/journal.pbio.1000174,0,2022,
10.1007/bf02292966,1924,Paul Weiß,Regeneration an transplantierten Extremitäten entwickelter Amphibien,20,Layer 2,"Same broader taxon (Amphibia); different species. Citing: ""Unabhängigkeit der Extremitätenregeneration vom Skelett (bei Triton cristatus)""",Amphibia,"regeneration, transplantation",C3 – Related taxon active,"Partial — related taxon, different genus",The specialist in regeneration—the Axolotl—a suitable model to study bone healing?,10.1038/s41536-022-00229-4; 10.1186/1471-213x-10-15; 10.1371/journal.pbio.1000174,0,2022,
10.1007/bf02292967,1924,Theodor Koppányi,Erhaltung der Spermatogenese im autophor transplantierten Urodelenhoden,8,Layer 2,"Same broader taxon (Amphibia); different species. Citing: ""Embryonale Transplantation zwischen Urodelen und Anuren""",Amphibia,"transplantation, sex_determination",C3 – Related taxon active,"Partial — related taxon, different genus",Nuclear Transplantation in i Xenopus /i,10.1385/1-59745-005-7:1; 10.1016/j.cub.2004.08.031; 10.1073/pnas.1337135100,0,2006,
10.1007/bf02292968,1924,Koppanyi,Versuche zur Biologie des Rippenmolches Pleurodeles Waltli Michah,0,none,No citations indexed in OpenAlex.,Pleurodeles,morphology,C2 – Same genus active,Yes — same genus still studied today,Morphological Correlates of Locomotion in the Aquatic and the Terrestrial Phases of Pleurodeles waltl Newts from Southwestern Iberia,10.3390/d15020188; 10.1126/science.abp9186; 10.11646/zootaxa.4237.3.11,6,2023,YES
10.1007/bf02292969,1924,Przibram / Wiesner,Erhöhung der Körpertemperatur junger Wanderratten (Mus decumanus) über den Normalwert und ihr Einfluß auf die Schwanzlänge,0,none,No citations indexed in OpenAlex.,Mus decumanus,"thermal_modification, developmental_mechanics",C2 – Same genus active,Yes — same genus still studied today,"Titrating the preferences of altered lighting against temperature in female CD-1 laboratory mice, Mus musculus",10.1016/j.applanim.2021.105541; 10.1016/j.jtherbio.2018.07.010; 10.1038/ncomms14811,5,2021,YES
10.1007/bf02554396,1919,Przibram,Tierische Regeneration als Wachstumsbeschleunigung,18,Layer 3,"Same phenomenon (Regeneration); different species and design. Citing: ""REGENERATION IN THE CARAPACE OF DAPHNIA MAGNA""",,"regeneration, growth",C4 – Phenomenon only,"No — same phenomenon, unrelated organism",Carbon sequestration potential of second-growth forest regeneration in the Latin American tropics,10.1126/sciadv.1501639; 10.1002/ece3.1328; 10.1111/gcb.13201,0,2016,
10.1007/bf02554397,1919,Hans Przibram,Fangbeine als Regenerate,8,Layer 2,"Same broader taxon (Orthoptera / Mantis); different species. Citing: ""Die Bedingungen für Fühlerfüße bei Dixippus (Carausius) morosus Br. et Redt""",Mantis,"regeneration, heteromorphosis",C2 – Same genus active,Yes — same genus still studied today,Mantis shrimp saddle-mimetic amorphous calcium (zinc) phosphate/chitin scaffolds with superior mechanical properties and bioactivity for bone regeneration,10.1016/j.bioactmat.2026.02.001; 10.4314/met.v32i1.10; 10.1016/j.saa.2020.119223,6,2026,
10.1007/bf02554398,1919,Przibram,Fußglieder an Käferfühlern,4,Layer 4,"Modern engagement exists but does not align on species, taxon, or phenomenon; abstract logic only.",,heteromorphosis,C4 – Phenomenon only,"No — same phenomenon, unrelated organism",Influence of Selenium Element on Regeneration and Fecundity of the Riverine crab Sesarma boulengeri Calman,10.58629/ijaq.v9i1.214; 10.1186/s12943-020-01178-6; 10.1002/reg2.89,0,2022,
10.1007/bf02554400,1919,Przibram/Brecher,Ursachen tierischer Farbkleidung,34,Layer 4,"Modern engagement exists but does not align on species, taxon, or phenomenon; abstract logic only.",,pigmentation,C4 – Phenomenon only,"No — same phenomenon, unrelated organism",CRISPR mutagenesis confirms the role of oca2 in melanin pigmentation in Astyanax mexicanus,10.1016/j.ydbio.2018.03.014; 10.1534/genetics.116.196451; 10.1186/1746-160x-10-8,0,2018,
10.1007/bf02554401,1919,Przibram,Ursachen tierischer Farbkleidung,20,Layer 4,"Modern engagement exists but does not align on species, taxon, or phenomenon; abstract logic only.",Mantis,,C2 – Same genus active,Yes — same genus still studied today,Long Noncoding RNA MANTIS Facilitates Endothelial Angiogenic Function,10.1161/circulationaha.116.026991; 10.18632/oncotarget.13918; 10.1126/science.1245824,4,2017,YES
10.1007/bf02554402,1919,Przibram/Dembowski,Konservierung der Tyrosinase durch Luftabschluß,16,Layer 2,"Same broader taxon (Fishes); different species. Citing: ""Veränderung der Melaninmenge beim Farbwechsel der Fische Esox, Carassius, Phoxin""",Fishes,"pigmentation, light_effects",C3 – Related taxon active,"Partial — related taxon, different genus",Internal pigment cells respond to external UV radiation in frogs,10.1242/jeb.134973; 10.1111/raq.12100; 10.1111/raq.12034,0,2016,
10.1007/bf02554403,1919,Brecher,"Die Puppenfärbungen des Kohlweißlings, Pieris brassicae L.",23,Layer 4,"Modern engagement exists but does not align on species, taxon, or phenomenon; abstract logic only.",Pieris brassicae,light_effects,C1 – Same species active,Yes — modern work on the same species,Oviposition Preference for Young Plants by the Large Cabbage Butterfly (Pieris brassicae ) Does not Strongly Correlate with Caterpillar Performance,10.1007/s10886-017-0853-9; 10.1093/jxb/eru096; 10.1093/jxb/ers362,6,2017,YES
10.1007/bf02554404,1919,Kammerer,Vererbung erzwungener Formveränderungen,11,Layer 4,"Modern engagement exists but does not align on species, taxon, or phenomenon; abstract logic only.",Alytes,inheritance_of_acquired,C4 – Phenomenon only,"No — same phenomenon, unrelated organism",Evolution beyond allele frequency changes and the case study of amphibians,10.1098/rsif.2025.0471; 10.4236/ahs.2024.132007; 10.3389/fevo.2022.819542,0,2025,
10.1007/bf02554409,1919,Eduard Uhlenhuth,"Studien zur Linsenregeneration bei den Amphibien. I. Ein Beitrag zur Depigmentierung der Iris, mit Bemerkungen über den Wert der Reizphysiologie",11,Layer 2,"Same broader taxon (Amphibia); different species. Citing: ""Bildung einer überzähligen Linse bei Rana temporaria""",Amphibia,"regeneration, pigmentation",C3 – Related taxon active,"Partial — related taxon, different genus","Limb regeneration in a direct‐developing terrestrial salamander, Bolitoglossa ramosi (Caudata: Plethodontidae)",10.1002/reg2.93; 10.1038/s41598-017-00059-1; 10.5402/2012/725203,0,2017,
10.1007/bf02554414,1920,Kolmer,Über den Befund einer zweiten Linse (Spontanlentoidbildung) im Auge eines Welses,5,Layer 3,"Same phenomenon (Entwicklungsmechanik / experimental embryology); different species and design. Citing: ""Extra‐epidermal and supernumerary lenses in association with cyclopean eyes in A""",Annelida,"growth, developmental_mechanics",C3 – Related taxon active,"Partial — related taxon, different genus","Juvenile detachment, an early sign of departure from parental care, in the leech Orientobdelloides siamensis (Oka, 1917)",10.1371/journal.pone.0302921; 10.29105/bys3.5-28; 10.1111/j.1096-3642.2005.00160.x,0,2024,
10.1007/bf02554415,1920,Demoll,Zur Frage nach der Vererbung vom Soma erworbener Eigenschaften,5,Layer 4,"Modern engagement exists but does not align on species, taxon, or phenomenon; abstract logic only.",,,C5 – No modern parallel,No modern parallel found,,,0,,
10.1007/bf02554416,1920,Steinach,Künstliche und natürliche Zwitterdrüsen und ihre analogen Wirkungen,28,Layer 3,"Same phenomenon (Sex determination / sexual characters); different species and design. Citing: ""The past and future of “sex genes”""",,sex_determination,C4 – Phenomenon only,"No — same phenomenon, unrelated organism",Genome editing reveals dmrt1 as an essential male sex-determining gene in Chinese tongue sole (Cynoglossus semilaevis),10.1038/srep42213; 10.1016/j.ydbio.2016.12.008; 10.1159/000354280,0,2017,
10.1007/bf02554417,1920,Steinach,Histologische Beschaffenheit der Keimdrüse bei homosexuellen Männern,26,Layer 4,"Modern engagement exists but does not align on species, taxon, or phenomenon; abstract logic only.",,sex_determination,C4 – Phenomenon only,"No — same phenomenon, unrelated organism",Genome editing reveals dmrt1 as an essential male sex-determining gene in Chinese tongue sole (Cynoglossus semilaevis),10.1038/srep42213; 10.1016/j.ydbio.2016.12.008; 10.1159/000354280,0,2017,
10.1007/bf02554418,1920,Stieve,Das Skelett eines Teilzwitters,5,Layer 4,"Modern engagement exists but does not align on species, taxon, or phenomenon; abstract logic only.",,"sex_determination, morphology",C4 – Phenomenon only,"No — same phenomenon, unrelated organism",Bending Genders: The Biology of Natural Sex Change in Fish,10.1159/000449297; 10.1186/s13293-015-0044-8; 10.1186/1687-9856-2014-4,0,2016,
10.1007/bf02554419,1920,Erdmann,Endomixis and size variations in pure bred lines of paramaecium aurelia,18,Layer 4,"Modern engagement exists but does not align on species, taxon, or phenomenon; abstract logic only.",Protozoa,,C3 – Related taxon active,"Partial — related taxon, different genus",Protozoa in wastewater treatment processes: A minireview,10.1080/11250000903373797; 10.1016/j.tox.2009.07.007; 10.1098/rsbl.2009.0948,0,2010,
10.1007/bf02554420,1920,Uhlenhuth,Studien zur Linsenregeneration bei den Amphibien,11,Layer 2,"Same broader taxon (Amphibia); different species. Citing: ""Marked increase in the rate of ocular lens regeneration in the newt,<i>Cynops py""",Amphibia,"regeneration, pigmentation",C3 – Related taxon active,"Partial — related taxon, different genus","Limb regeneration in a direct‐developing terrestrial salamander, Bolitoglossa ramosi (Caudata: Plethodontidae)",10.1002/reg2.93; 10.1038/s41598-017-00059-1; 10.5402/2012/725203,0,2017,
10.1007/bf02554426,1920,Steinach/Kammerer,Klima und Mannbarkeit,20,Layer 4,"Modern engagement exists but does not align on species, taxon, or phenomenon; abstract logic only.",,"transplantation, sex_determination",C4 – Phenomenon only,"No — same phenomenon, unrelated organism",Sex Categories,10.1007/s10508-025-03387-w; 10.1177/09526951231213028; 10.1038/s41467-022-31486-y,0,2025,
10.1007/bf02554478,1921,Brecher,"Die Puppenfärbungen des Kohlweißlings, Pieris brassicae L. Fünfter Teil: Kontrollversuche zur spezifischen Wirkung der Spektralbezirke mit anderen Faktoren",11,Layer 2,"Same broader taxon (Lepidoptera); different species. Citing: ""Pupal colour plasticity in a tropical butterfly, Mycalesis mineus (Nymphalidae: """,Pieris brassicae,"thermal_modification, light_effects",C1 – Same species active,Yes — modern work on the same species,Growth Regulation in the Larvae of the Lepidopteran Pieris brassicae: A Field Study,10.3390/insects14020167; 10.1371/journal.pone.0090026; 10.3389/finsc.2023.1237624,6,2023,
10.1007/bf02554479,1921,Brecher,"Die Puppenfärbungen des Kohlweißlings, Pieris brassicae L. Sechster Teil: Chemismus der Farbanpassung",10,Layer 1,"Modern citation engages same genus (pieris): ""Die Puppenfärbungen des Kohlweißlings, Pieris brassicae L""",Pieris brassicae,pigmentation,C1 – Same species active,Yes — modern work on the same species,Fitness Costs of Thermal Reaction Norms for Wing Melanisation in the Large White Butterfly (Pieris brassicae),10.1371/journal.pone.0090026; 10.1111/j.1570-7458.2005.00330.x; 10.64898/2026.02.11.705400,4,2014,
10.1007/bf02554480,1921,Przibram/Dembowski/Brecher,Einwirkung der Tyrosinase auf “Dopa” (zugleich: Ursachen tierischer Farbkleidung. IV),20,Layer 2,"Same broader taxon (Lepidoptera); different species. Citing: ""Über die Wirkung farbigen Lichtes auf die Puppen des Kohlweißlings (Pieris brass""",Amphibia,"pigmentation, behavior",C3 – Related taxon active,"Partial — related taxon, different genus",Background matching through fast and reversible melanin-based pigmentation plasticity in tadpoles comes with morphological and antioxidant changes,10.1038/s41598-023-39107-4; 10.1038/s41598-020-72871-1; 10.1038/srep39739,0,2023,
10.1007/bf02554481,1921,Przibram,"Temperaturunabhängigkeit der weiblichen Periode und Gravidität bei Ratten, Mus decumanus und M. rattus",2,Layer 1,"Modern citation engages same genus (rattus): ""Direkte Temperaturabhängigkeit der Schwanzlänge bei Ratten, Mus (Epimys) decuman""",Mus decumanus,thermal_modification,C2 – Same genus active,Yes — same genus still studied today,"Titrating the preferences of altered lighting against temperature in female CD-1 laboratory mice, Mus musculus",10.1016/j.applanim.2021.105541; 10.1016/j.jtherbio.2018.07.010; 10.1016/j.jinsphys.2014.09.011,4,2021,
10.1007/bf02554482,1921,Przibram,Die Bruch-Dreifachbildung im Tierreiche,44,Layer 2,"Same broader taxon (Crustacea); different species. Citing: ""Naturally occurring abnormalities (Bruchdreifachbildungen) in the chelae of thre""",Crustacea,,C3 – Related taxon active,"Partial — related taxon, different genus","Table 1 in A new Gammarus species from Xinjiang Uygur Autonomous Region (China) with a key to Xinjiang freshwater gammarids (Crustacea, Amphipoda, Gammaridae)",10.5281/zenodo.15145663; 10.1139/f07-008; 10.1007/s10750-007-9020-6,0,2022,
10.1007/bf02554483,1921,Przibram,Form und Geschwindigkeit. Ein Beitrag zur allgemeinen Morphologie. Die Naturwissenschaften,0,none,No citations indexed in OpenAlex.,Annelida,"light_effects, morphology",C3 – Related taxon active,"Partial — related taxon, different genus","Assessing the Effect of Polyethylene Microplastics in the Freshwater Leech Erpobdella johanssoni (Annelida, Hirudinida) Through Integrated Biomarkers and Histop",10.3390/ani15101417; 10.1371/journal.pbio.3002572; 10.15517/rbt.v67i6.35981,0,2025,
